time_hr,pressure_psia,orifice75_count,orifice45_open,lineup_prev,lineup_curr,lineup_event,lineup_event_count,lineup_event_prev,lineup_event_new,lineup_event_trigger,lineup_event_reason,lineup_demand,drain_policy,drain_demand_gpm,drain_hydraulic_capacity_gpm,drain_letdown_saturated,drain_letdown_gpm,drain_expected_gpm,drain_charging_gpm,drain_net_outflow_gpm,drain_deltaP_psi,drain_density_lbm_ft3,drain_quality,d_achieved_gpm,d_capacity_gpm,d_deltaP_psi,d_density,d_quality,delta_cause
7.833092,363.458700,1,0,1,1,0,0,1,1,NONE,NONE,1,LINEUP_HYDRAULIC_CAUSAL,0.000000,0.000000,0,0.000000,0.000000,0.000000,0.000000,0.000000,0.000000,0.000000,0.000000,0.000000,0.000000,0.000000,0.000000,DRAIN_ENTRY
7.835870,364.026600,1,0,1,1,0,0,1,1,NONE,NONE,3,LINEUP_HYDRAULIC_CAUSAL,120.000000,75.000000,1,75.000000,75.000000,0.000000,75.000000,8.758698,52.158740,0.000000,75.000000,75.000000,8.758698,52.158740,0.000000,SATURATION_FEEDBACK
7.838647,364.548000,1,0,1,1,0,0,1,1,NONE,NONE,3,LINEUP_HYDRAULIC_CAUSAL,119.967200,75.000000,1,75.000000,75.000000,0.000000,75.000000,9.326599,52.152370,0.000000,0.000000,0.000000,0.567902,-0.006374,0.000000,NO_EFFECTIVE_DELTA
7.841425,365.070100,1,0,1,1,0,0,1,1,NONE,NONE,3,LINEUP_HYDRAULIC_CAUSAL,119.916800,75.000000,1,75.000000,75.000000,0.000000,75.000000,9.847992,52.146510,0.000023,0.000000,0.000000,0.521393,-0.005852,0.000023,NO_EFFECTIVE_DELTA
7.844203,365.640600,1,0,1,1,0,0,1,1,NONE,NONE,3,LINEUP_HYDRAULIC_CAUSAL,119.866500,75.000000,1,75.000000,75.000000,0.000000,75.000000,10.370120,52.140660,0.000045,0.000000,0.000000,0.522125,-0.005856,0.000023,NO_EFFECTIVE_DELTA
7.846980,366.164200,1,0,1,1,0,0,1,1,NONE,NONE,3,LINEUP_HYDRAULIC_CAUSAL,119.817900,75.000000,1,75.000000,75.000000,0.000000,75.000000,10.940550,52.134270,0.000050,0.000000,0.000000,0.570435,-0.006390,0.000004,NO_EFFECTIVE_DELTA
7.849758,366.736400,1,0,1,1,0,0,1,1,NONE,NONE,3,LINEUP_HYDRAULIC_CAUSAL,119.767500,75.000000,1,75.000000,75.000000,0.000000,75.000000,11.464230,52.128400,0.000073,0.000000,0.000000,0.523682,-0.005867,0.000023,NO_EFFECTIVE_DELTA
7.852535,367.261700,1,0,1,1,0,0,1,1,NONE,NONE,3,LINEUP_HYDRAULIC_CAUSAL,119.718900,75.000000,1,75.000000,75.000000,0.000000,75.000000,12.036380,52.122000,0.000078,0.000000,0.000000,0.572144,-0.006401,0.000005,NO_EFFECTIVE_DELTA
7.855313,367.835500,1,0,1,1,0,0,1,1,NONE,NONE,3,LINEUP_HYDRAULIC_CAUSAL,119.668500,75.000000,1,75.000000,75.000000,0.000000,75.000000,12.561650,52.116130,0.000101,0.000000,0.000000,0.525269,-0.005871,0.000023,NO_EFFECTIVE_DELTA
7.858090,368.362400,1,0,1,1,0,0,1,1,NONE,NONE,3,LINEUP_HYDRAULIC_CAUSAL,119.619900,75.000000,1,75.000000,75.000000,0.000000,75.000000,13.135500,52.109720,0.000106,0.000000,0.000000,0.573853,-0.006409,0.000005,NO_EFFECTIVE_DELTA
7.860868,368.937900,1,0,1,1,0,0,1,1,NONE,NONE,3,LINEUP_HYDRAULIC_CAUSAL,119.569500,75.000000,1,75.000000,75.000000,0.000000,75.000000,13.662350,52.103840,0.000129,0.000000,0.000000,0.526856,-0.005886,0.000023,NO_EFFECTIVE_DELTA
7.863646,369.466400,1,0,1,1,0,0,1,1,NONE,NONE,3,LINEUP_HYDRAULIC_CAUSAL,119.520800,75.000000,1,75.000000,75.000000,0.000000,75.000000,14.237920,52.097420,0.000134,0.000000,0.000000,0.575562,-0.006420,0.000005,NO_EFFECTIVE_DELTA
7.866423,370.043600,1,0,1,1,0,0,1,1,NONE,NONE,3,LINEUP_HYDRAULIC_CAUSAL,119.470500,75.000000,1,75.000000,75.000000,0.000000,75.000000,14.766360,52.091520,0.000158,0.000000,0.000000,0.528442,-0.005894,0.000024,NO_EFFECTIVE_DELTA
7.869201,370.573600,1,0,1,1,0,0,1,1,NONE,NONE,3,LINEUP_HYDRAULIC_CAUSAL,119.421800,75.000000,1,75.000000,75.000000,0.000000,75.000000,15.343630,52.085090,0.000163,0.000000,0.000000,0.577271,-0.006428,0.000006,NO_EFFECTIVE_DELTA
7.871978,371.152600,1,0,1,1,0,0,1,1,NONE,NONE,3,LINEUP_HYDRAULIC_CAUSAL,119.371400,75.000000,1,75.000000,75.000000,0.000000,75.000000,15.873630,52.079190,0.000187,0.000000,0.000000,0.529999,-0.005905,0.000024,NO_EFFECTIVE_DELTA
7.874756,371.684200,1,0,1,1,0,0,1,1,NONE,NONE,3,LINEUP_HYDRAULIC_CAUSAL,119.322700,75.000000,1,75.000000,75.000000,0.000000,75.000000,16.452640,52.072750,0.000193,0.000000,0.000000,0.579010,-0.006439,0.000006,NO_EFFECTIVE_DELTA
7.877533,372.265000,1,0,1,1,0,0,1,1,NONE,NONE,3,LINEUP_HYDRAULIC_CAUSAL,119.272300,75.000000,1,75.000000,75.000000,0.000000,75.000000,16.984190,52.066840,0.000217,0.000000,0.000000,0.531555,-0.005909,0.000024,NO_EFFECTIVE_DELTA
7.880311,372.798200,1,0,1,1,0,0,1,1,NONE,NONE,3,LINEUP_HYDRAULIC_CAUSAL,119.223600,75.000000,1,75.000000,75.000000,0.000000,75.000000,17.564940,52.060390,0.000223,0.000000,0.000000,0.580750,-0.006451,0.000006,NO_EFFECTIVE_DELTA
7.883089,373.380700,1,0,1,1,0,0,1,1,NONE,NONE,3,LINEUP_HYDRAULIC_CAUSAL,119.173200,75.000000,1,75.000000,75.000000,0.000000,75.000000,18.098140,52.054470,0.000248,0.000000,0.000000,0.533203,-0.005920,0.000024,NO_EFFECTIVE_DELTA
7.885866,373.964100,1,0,1,1,0,0,1,1,NONE,NONE,3,LINEUP_HYDRAULIC_CAUSAL,119.124500,75.000000,1,75.000000,75.000000,0.000000,75.000000,18.680660,52.048010,0.000254,0.000000,0.000000,0.582520,-0.006458,0.000006,NO_EFFECTIVE_DELTA
7.888644,374.499600,1,0,1,1,0,0,1,1,NONE,NONE,3,LINEUP_HYDRAULIC_CAUSAL,119.075800,75.000000,1,75.000000,75.000000,0.000000,75.000000,19.264040,52.041540,0.000260,0.000000,0.000000,0.583374,-0.006470,0.000006,NO_EFFECTIVE_DELTA
7.891421,375.084800,1,0,1,1,0,0,1,1,NONE,NONE,3,LINEUP_HYDRAULIC_CAUSAL,119.025300,75.000000,1,75.000000,75.000000,0.000000,75.000000,19.799620,52.035610,0.000285,0.000000,0.000000,0.535584,-0.005932,0.000025,NO_EFFECTIVE_DELTA
7.894199,375.622000,1,0,1,1,0,0,1,1,NONE,NONE,3,LINEUP_HYDRAULIC_CAUSAL,118.976600,75.000000,1,75.000000,75.000000,0.000000,75.000000,20.384770,52.029130,0.000291,0.000000,0.000000,0.585144,-0.006481,0.000007,NO_EFFECTIVE_DELTA
7.896976,376.208900,1,0,1,1,0,0,1,1,NONE,NONE,3,LINEUP_HYDRAULIC_CAUSAL,118.926200,75.000000,1,75.000000,75.000000,0.000000,75.000000,20.922000,52.023190,0.000317,0.000000,0.000000,0.537231,-0.005939,0.000025,NO_EFFECTIVE_DELTA
7.899754,376.747800,1,0,1,1,0,0,1,1,NONE,NONE,3,LINEUP_HYDRAULIC_CAUSAL,118.877400,75.000000,1,75.000000,75.000000,0.000000,75.000000,21.508910,52.016700,0.000323,0.000000,0.000000,0.586914,-0.006485,0.000007,NO_EFFECTIVE_DELTA
7.902532,377.336400,1,0,1,1,0,0,1,1,NONE,NONE,3,LINEUP_HYDRAULIC_CAUSAL,118.827000,75.000000,1,75.000000,75.000000,0.000000,75.000000,22.047760,52.010750,0.000349,0.000000,0.000000,0.538849,-0.005951,0.000025,NO_EFFECTIVE_DELTA
7.905309,377.876900,1,0,1,1,0,0,1,1,NONE,NONE,3,LINEUP_HYDRAULIC_CAUSAL,118.778200,75.000000,1,75.000000,75.000000,0.000000,75.000000,22.636410,52.004260,0.000356,0.000000,0.000000,0.588654,-0.006496,0.000007,NO_EFFECTIVE_DELTA
7.908087,378.467300,1,0,1,1,0,0,1,1,NONE,NONE,3,LINEUP_HYDRAULIC_CAUSAL,118.727800,75.000000,1,75.000000,75.000000,0.000000,75.000000,23.176880,51.998290,0.000381,0.000000,0.000000,0.540466,-0.005962,0.000026,NO_EFFECTIVE_DELTA
7.910864,379.009400,1,0,1,1,0,0,1,1,NONE,NONE,3,LINEUP_HYDRAULIC_CAUSAL,118.679000,75.000000,1,75.000000,75.000000,0.000000,75.000000,23.767300,51.991790,0.000389,0.000000,0.000000,0.590424,-0.006508,0.000007,NO_EFFECTIVE_DELTA
7.913642,379.601600,1,0,1,1,0,0,1,1,NONE,NONE,3,LINEUP_HYDRAULIC_CAUSAL,118.628600,75.000000,1,75.000000,75.000000,0.000000,75.000000,24.309390,51.985820,0.000415,0.000000,0.000000,0.542084,-0.005970,0.000026,NO_EFFECTIVE_DELTA
7.916420,380.194800,1,0,1,1,0,0,1,1,NONE,NONE,3,LINEUP_HYDRAULIC_CAUSAL,118.579800,75.000000,1,75.000000,75.000000,0.000000,75.000000,24.901610,51.979300,0.000422,0.000000,0.000000,0.592224,-0.006519,0.000008,NO_EFFECTIVE_DELTA
7.919197,380.739300,1,0,1,1,0,0,1,1,NONE,NONE,3,LINEUP_HYDRAULIC_CAUSAL,118.531000,75.000000,1,75.000000,75.000000,0.000000,75.000000,25.494750,51.972770,0.000430,0.000000,0.000000,0.593140,-0.006523,0.000008,NO_EFFECTIVE_DELTA
7.921975,381.334200,1,0,1,1,0,0,1,1,NONE,NONE,3,LINEUP_HYDRAULIC_CAUSAL,118.480500,75.000000,1,75.000000,75.000000,0.000000,75.000000,26.039310,51.966790,0.000456,0.000000,0.000000,0.544556,-0.005985,0.000026,NO_EFFECTIVE_DELTA
7.924752,381.880400,1,0,1,1,0,0,1,1,NONE,NONE,3,LINEUP_HYDRAULIC_CAUSAL,118.431700,75.000000,1,75.000000,75.000000,0.000000,75.000000,26.634220,51.960260,0.000464,0.000000,0.000000,0.594910,-0.006531,0.000008,NO_EFFECTIVE_DELTA
7.927530,382.477100,1,0,1,1,0,0,1,1,NONE,NONE,3,LINEUP_HYDRAULIC_CAUSAL,118.381300,75.000000,1,75.000000,75.000000,0.000000,75.000000,27.180390,51.954260,0.000490,0.000000,0.000000,0.546173,-0.005997,0.000026,NO_EFFECTIVE_DELTA
7.930307,383.024900,1,0,1,1,0,0,1,1,NONE,NONE,3,LINEUP_HYDRAULIC_CAUSAL,118.332500,75.000000,1,75.000000,75.000000,0.000000,75.000000,27.777100,51.947720,0.000499,0.000000,0.000000,0.596710,-0.006542,0.000008,NO_EFFECTIVE_DELTA
7.933085,383.623400,1,0,1,1,0,0,1,1,NONE,NONE,3,LINEUP_HYDRAULIC_CAUSAL,118.282000,75.000000,1,75.000000,75.000000,0.000000,75.000000,28.324890,51.941720,0.000525,0.000000,0.000000,0.547791,-0.006004,0.000027,NO_EFFECTIVE_DELTA
7.935863,384.222800,1,0,1,1,0,0,1,1,NONE,NONE,3,LINEUP_HYDRAULIC_CAUSAL,118.233100,75.000000,1,75.000000,75.000000,0.000000,75.000000,28.923370,51.935160,0.000534,0.000000,0.000000,0.598480,-0.006554,0.000008,NO_EFFECTIVE_DELTA
7.938640,384.773100,1,0,1,1,0,0,1,1,NONE,NONE,3,LINEUP_HYDRAULIC_CAUSAL,118.184300,75.000000,1,75.000000,75.000000,0.000000,75.000000,29.522800,51.928600,0.000543,0.000000,0.000000,0.599426,-0.006557,0.000009,NO_EFFECTIVE_DELTA
7.941418,385.374300,1,0,1,1,0,0,1,1,NONE,NONE,3,LINEUP_HYDRAULIC_CAUSAL,118.133800,75.000000,1,75.000000,75.000000,0.000000,75.000000,30.073120,51.922590,0.000570,0.000000,0.000000,0.550324,-0.006016,0.000027,NO_EFFECTIVE_DELTA
7.944195,385.926300,1,0,1,1,0,0,1,1,NONE,NONE,3,LINEUP_HYDRAULIC_CAUSAL,118.085000,75.000000,1,75.000000,75.000000,0.000000,75.000000,30.674320,51.916020,0.000579,0.000000,0.000000,0.601196,-0.006573,0.000009,NO_EFFECTIVE_DELTA
7.946973,386.529300,1,0,1,1,0,0,1,1,NONE,NONE,3,LINEUP_HYDRAULIC_CAUSAL,118.034400,75.000000,1,75.000000,75.000000,0.000000,75.000000,31.226260,51.909990,0.000606,0.000000,0.000000,0.551941,-0.006027,0.000028,NO_EFFECTIVE_DELTA
7.949750,387.082900,1,0,1,1,0,0,1,1,NONE,NONE,3,LINEUP_HYDRAULIC_CAUSAL,117.985600,75.000000,1,75.000000,75.000000,0.000000,75.000000,31.829280,51.903410,0.000615,0.000000,0.000000,0.603027,-0.006577,0.000009,NO_EFFECTIVE_DELTA
7.952528,387.687700,1,0,1,1,0,0,1,1,NONE,NONE,3,LINEUP_HYDRAULIC_CAUSAL,117.935100,75.000000,1,75.000000,75.000000,0.000000,75.000000,32.382900,51.897370,0.000643,0.000000,0.000000,0.553619,-0.006039,0.000028,NO_EFFECTIVE_DELTA
7.955306,388.293500,1,0,1,1,0,0,1,1,NONE,NONE,3,LINEUP_HYDRAULIC_CAUSAL,117.886200,75.000000,1,75.000000,75.000000,0.000000,75.000000,32.987730,51.890790,0.000652,0.000000,0.000000,0.604828,-0.006588,0.000009,NO_EFFECTIVE_DELTA
7.958083,388.849700,1,0,1,1,0,0,1,1,NONE,NONE,3,LINEUP_HYDRAULIC_CAUSAL,117.837300,75.000000,1,75.000000,75.000000,0.000000,75.000000,33.593510,51.884190,0.000662,0.000000,0.000000,0.605774,-0.006596,0.000009,NO_EFFECTIVE_DELTA
7.960861,389.457200,1,0,1,1,0,0,1,1,NONE,NONE,3,LINEUP_HYDRAULIC_CAUSAL,117.786800,75.000000,1,75.000000,75.000000,0.000000,75.000000,34.149660,51.878140,0.000690,0.000000,0.000000,0.556152,-0.006050,0.000028,NO_EFFECTIVE_DELTA
7.963638,390.065700,1,0,1,1,0,0,1,1,NONE,NONE,3,LINEUP_HYDRAULIC_CAUSAL,117.737900,75.000000,1,75.000000,75.000000,0.000000,75.000000,34.757200,51.871540,0.000700,0.000000,0.000000,0.607544,-0.006603,0.000010,NO_EFFECTIVE_DELTA
7.966416,390.624400,1,0,1,1,0,0,1,1,NONE,NONE,3,LINEUP_HYDRAULIC_CAUSAL,117.689000,75.000000,1,75.000000,75.000000,0.000000,75.000000,35.365720,51.864920,0.000710,0.000000,0.000000,0.608521,-0.006615,0.000010,NO_EFFECTIVE_DELTA
7.969193,391.234700,1,0,1,1,0,0,1,1,NONE,NONE,3,LINEUP_HYDRAULIC_CAUSAL,117.638400,75.000000,1,75.000000,75.000000,0.000000,75.000000,35.924380,51.858860,0.000738,0.000000,0.000000,0.558655,-0.006058,0.000029,NO_EFFECTIVE_DELTA
7.971971,391.795100,1,0,1,1,0,0,1,1,NONE,NONE,3,LINEUP_HYDRAULIC_CAUSAL,117.589600,75.000000,1,75.000000,75.000000,0.000000,75.000000,36.534730,51.852240,0.000748,0.000000,0.000000,0.610352,-0.006626,0.000010,NO_EFFECTIVE_DELTA
7.974749,392.407300,1,0,1,1,0,0,1,1,NONE,NONE,3,LINEUP_HYDRAULIC_CAUSAL,117.539000,75.000000,1,75.000000,75.000000,0.000000,75.000000,37.095090,51.846160,0.000777,0.000000,0.000000,0.560364,-0.006073,0.000029,NO_EFFECTIVE_DELTA
7.977526,393.020400,1,0,1,1,0,0,1,1,NONE,NONE,3,LINEUP_HYDRAULIC_CAUSAL,117.490100,75.000000,1,75.000000,75.000000,0.000000,75.000000,37.707280,51.839530,0.000788,0.000000,0.000000,0.612183,-0.006634,0.000010,NO_EFFECTIVE_DELTA
7.980304,393.583300,1,0,1,1,0,0,1,1,NONE,NONE,3,LINEUP_HYDRAULIC_CAUSAL,117.441200,75.000000,1,75.000000,75.000000,0.000000,75.000000,38.320400,51.832890,0.000798,0.000000,0.000000,0.613129,-0.006638,0.000011,NO_EFFECTIVE_DELTA
7.983081,394.198300,1,0,1,1,0,0,1,1,NONE,NONE,3,LINEUP_HYDRAULIC_CAUSAL,117.390600,75.000000,1,75.000000,75.000000,0.000000,75.000000,38.883330,51.826810,0.000828,0.000000,0.000000,0.562927,-0.006088,0.000029,NO_EFFECTIVE_DELTA
7.985859,394.762900,1,0,1,1,0,0,1,1,NONE,NONE,3,LINEUP_HYDRAULIC_CAUSAL,117.341700,75.000000,1,75.000000,75.000000,0.000000,75.000000,39.498320,51.820160,0.000838,0.000000,0.000000,0.614990,-0.006649,0.000011,NO_EFFECTIVE_DELTA
7.988636,395.379800,1,0,1,1,0,0,1,1,NONE,NONE,3,LINEUP_HYDRAULIC_CAUSAL,117.291000,75.000000,1,75.000000,75.000000,0.000000,75.000000,40.062930,51.814060,0.000868,0.000000,0.000000,0.564606,-0.006096,0.000030,NO_EFFECTIVE_DELTA
7.991414,395.997600,1,0,1,1,0,0,1,1,NONE,NONE,3,LINEUP_HYDRAULIC_CAUSAL,117.242100,75.000000,1,75.000000,75.000000,0.000000,75.000000,40.679750,51.807400,0.000879,0.000000,0.000000,0.616821,-0.006657,0.000011,NO_EFFECTIVE_DELTA
7.994192,396.564700,1,0,1,1,0,0,1,1,NONE,NONE,3,LINEUP_HYDRAULIC_CAUSAL,117.193200,75.000000,1,75.000000,75.000000,0.000000,75.000000,41.297550,51.800740,0.000890,0.000000,0.000000,0.617798,-0.006664,0.000011,NO_EFFECTIVE_DELTA
7.996969,397.184300,1,0,1,1,0,0,1,1,NONE,NONE,3,LINEUP_HYDRAULIC_CAUSAL,117.142500,75.000000,1,75.000000,75.000000,0.000000,75.000000,41.864690,51.794630,0.000921,0.000000,0.000000,0.567139,-0.006111,0.000030,NO_EFFECTIVE_DELTA
7.999747,397.804900,1,0,1,1,0,0,1,1,NONE,NONE,3,LINEUP_HYDRAULIC_CAUSAL,117.093600,75.000000,1,75.000000,75.000000,0.000000,75.000000,42.484310,51.787960,0.000932,0.000000,0.000000,0.619629,-0.006672,0.000011,NO_EFFECTIVE_DELTA
8.002524,398.374700,1,0,1,1,0,0,1,1,NONE,NONE,3,LINEUP_HYDRAULIC_CAUSAL,117.044600,75.000000,1,75.000000,75.000000,0.000000,75.000000,43.104920,51.781270,0.000944,0.000000,0.000000,0.620606,-0.006683,0.000011,NO_EFFECTIVE_DELTA
8.005302,398.997200,1,0,1,1,0,0,1,1,NONE,NONE,3,LINEUP_HYDRAULIC_CAUSAL,116.994000,75.000000,1,75.000000,75.000000,0.000000,75.000000,43.674680,51.775150,0.000974,0.000000,0.000000,0.569763,-0.006123,0.000031,NO_EFFECTIVE_DELTA
8.008080,399.620600,1,0,1,1,0,0,1,1,NONE,NONE,3,LINEUP_HYDRAULIC_CAUSAL,116.945000,75.000000,1,75.000000,75.000000,0.000000,75.000000,44.297150,51.768460,0.000986,0.000000,0.000000,0.622467,-0.006691,0.000012,NO_EFFECTIVE_DELTA
8.010859,400.193000,1,0,1,1,0,0,1,1,NONE,NONE,3,LINEUP_HYDRAULIC_CAUSAL,116.896000,75.000000,1,75.000000,75.000000,0.000000,75.000000,44.920590,51.761760,0.000998,0.000000,0.000000,0.623444,-0.006699,0.000012,NO_EFFECTIVE_DELTA
8.013637,400.818300,1,0,1,1,0,0,1,1,NONE,NONE,3,LINEUP_HYDRAULIC_CAUSAL,116.845400,75.000000,1,75.000000,75.000000,0.000000,75.000000,45.492950,51.755620,0.001029,0.000000,0.000000,0.572357,-0.006142,0.000031,NO_EFFECTIVE_DELTA
8.016415,401.444500,1,0,1,1,0,0,1,1,NONE,NONE,3,LINEUP_HYDRAULIC_CAUSAL,116.796400,75.000000,1,75.000000,75.000000,0.000000,75.000000,46.118260,51.748920,0.001042,0.000000,0.000000,0.625305,-0.006702,0.000012,NO_EFFECTIVE_DELTA
8.019193,402.019500,1,0,1,1,0,0,1,1,NONE,NONE,3,LINEUP_HYDRAULIC_CAUSAL,116.747400,75.000000,1,75.000000,75.000000,0.000000,75.000000,46.744540,51.742200,0.001054,0.000000,0.000000,0.626282,-0.006714,0.000013,NO_EFFECTIVE_DELTA
8.021971,402.647700,1,0,1,1,0,0,1,1,NONE,NONE,3,LINEUP_HYDRAULIC_CAUSAL,116.696700,75.000000,1,75.000000,75.000000,0.000000,75.000000,47.319520,51.736050,0.001086,0.000000,0.000000,0.574982,-0.006153,0.000032,NO_EFFECTIVE_DELTA
8.024749,403.276900,1,0,1,1,0,0,1,1,NONE,NONE,3,LINEUP_HYDRAULIC_CAUSAL,116.647700,75.000000,1,75.000000,75.000000,0.000000,75.000000,47.947690,51.729320,0.001099,0.000000,0.000000,0.628174,-0.006725,0.000013,NO_EFFECTIVE_DELTA
8.027527,403.854500,1,0,1,1,0,0,1,1,NONE,NONE,3,LINEUP_HYDRAULIC_CAUSAL,116.598700,75.000000,1,75.000000,75.000000,0.000000,75.000000,48.576840,51.722600,0.001111,0.000000,0.000000,0.629150,-0.006725,0.000013,NO_EFFECTIVE_DELTA
8.030305,404.485500,1,0,1,1,0,0,1,1,NONE,NONE,3,LINEUP_HYDRAULIC_CAUSAL,116.548000,75.000000,1,75.000000,75.000000,0.000000,75.000000,49.154450,51.716430,0.001144,0.000000,0.000000,0.577606,-0.006172,0.000032,NO_EFFECTIVE_DELTA
8.033083,405.117500,1,0,1,1,0,0,1,1,NONE,NONE,3,LINEUP_HYDRAULIC_CAUSAL,116.499000,75.000000,1,75.000000,75.000000,0.000000,75.000000,49.785460,51.709690,0.001157,0.000000,0.000000,0.631012,-0.006737,0.000013,NO_EFFECTIVE_DELTA
8.035861,405.697800,1,0,1,1,0,0,1,1,NONE,NONE,3,LINEUP_HYDRAULIC_CAUSAL,116.449900,75.000000,1,75.000000,75.000000,0.000000,75.000000,50.417480,51.702950,0.001170,0.000000,0.000000,0.632019,-0.006744,0.000013,NO_EFFECTIVE_DELTA
8.038639,406.331700,1,0,1,1,0,0,1,1,NONE,NONE,3,LINEUP_HYDRAULIC_CAUSAL,116.399200,75.000000,1,75.000000,75.000000,0.000000,75.000000,50.997740,51.696760,0.001203,0.000000,0.000000,0.580261,-0.006187,0.000032,NO_EFFECTIVE_DELTA
8.041417,406.966600,1,0,1,1,0,0,1,1,NONE,NONE,3,LINEUP_HYDRAULIC_CAUSAL,116.350200,75.000000,1,75.000000,75.000000,0.000000,75.000000,51.631650,51.690010,0.001216,0.000000,0.000000,0.633911,-0.006752,0.000014,NO_EFFECTIVE_DELTA
8.044195,407.602400,1,0,1,1,0,0,1,1,NONE,NONE,3,LINEUP_HYDRAULIC_CAUSAL,116.301100,75.000000,1,75.000000,75.000000,0.000000,75.000000,52.266540,51.683250,0.001230,0.000000,0.000000,0.634888,-0.006760,0.000014,NO_EFFECTIVE_DELTA
8.046973,408.186200,1,0,1,1,0,0,1,1,NONE,NONE,3,LINEUP_HYDRAULIC_CAUSAL,116.252100,75.000000,1,75.000000,75.000000,0.000000,75.000000,52.902400,51.676480,0.001244,0.000000,0.000000,0.635864,-0.006763,0.000014,NO_EFFECTIVE_DELTA
8.049751,408.824000,1,0,1,1,0,0,1,1,NONE,NONE,3,LINEUP_HYDRAULIC_CAUSAL,116.201300,75.000000,1,75.000000,75.000000,0.000000,75.000000,53.486240,51.670280,0.001277,0.000000,0.000000,0.583832,-0.006207,0.000033,NO_EFFECTIVE_DELTA
8.052529,409.462800,1,0,1,1,0,0,1,1,NONE,NONE,3,LINEUP_HYDRAULIC_CAUSAL,116.152300,75.000000,1,75.000000,75.000000,0.000000,75.000000,54.124020,51.663500,0.001291,0.000000,0.000000,0.637787,-0.006775,0.000014,NO_EFFECTIVE_DELTA
8.055307,410.049300,1,0,1,1,0,0,1,1,NONE,NONE,3,LINEUP_HYDRAULIC_CAUSAL,116.103200,75.000000,1,75.000000,75.000000,0.000000,75.000000,54.762820,51.656720,0.001305,0.000000,0.000000,0.638794,-0.006783,0.000014,NO_EFFECTIVE_DELTA
8.058085,410.690000,1,0,1,1,0,0,1,1,NONE,NONE,3,LINEUP_HYDRAULIC_CAUSAL,116.052400,75.000000,1,75.000000,75.000000,0.000000,75.000000,55.349270,51.650500,0.001339,0.000000,0.000000,0.586456,-0.006218,0.000034,NO_EFFECTIVE_DELTA
8.060863,411.331700,1,0,1,1,0,0,1,1,NONE,NONE,3,LINEUP_HYDRAULIC_CAUSAL,116.003400,75.000000,1,75.000000,75.000000,0.000000,75.000000,55.989990,51.643710,0.001354,0.000000,0.000000,0.640717,-0.006794,0.000015,NO_EFFECTIVE_DELTA
8.063642,411.974400,1,0,1,1,0,0,1,1,NONE,NONE,3,LINEUP_HYDRAULIC_CAUSAL,115.954300,75.000000,1,75.000000,75.000000,0.000000,75.000000,56.631680,51.636910,0.001368,0.000000,0.000000,0.641693,-0.006798,0.000015,NO_EFFECTIVE_DELTA
8.066420,412.564500,1,0,1,1,0,0,1,1,NONE,NONE,3,LINEUP_HYDRAULIC_CAUSAL,115.905200,75.000000,1,75.000000,75.000000,0.000000,75.000000,57.274380,51.630110,0.001383,0.000000,0.000000,0.642700,-0.006802,0.000015,NO_EFFECTIVE_DELTA
8.069198,413.209100,1,0,1,1,0,0,1,1,NONE,NONE,3,LINEUP_HYDRAULIC_CAUSAL,115.854400,75.000000,1,75.000000,75.000000,0.000000,75.000000,57.864440,51.623870,0.001418,0.000000,0.000000,0.590057,-0.006237,0.000034,NO_EFFECTIVE_DELTA
8.071976,413.854700,1,0,1,1,0,0,1,1,NONE,NONE,3,LINEUP_HYDRAULIC_CAUSAL,115.805300,75.000000,1,75.000000,75.000000,0.000000,75.000000,58.509060,51.617050,0.001433,0.000000,0.000000,0.644623,-0.006817,0.000015,NO_EFFECTIVE_DELTA
8.074754,414.447400,1,0,1,1,0,0,1,1,NONE,NONE,3,LINEUP_HYDRAULIC_CAUSAL,115.756200,75.000000,1,75.000000,75.000000,0.000000,75.000000,59.154690,51.610240,0.001448,0.000000,0.000000,0.645630,-0.006817,0.000015,NO_EFFECTIVE_DELTA
8.077532,415.095000,1,0,1,1,0,0,1,1,NONE,NONE,3,LINEUP_HYDRAULIC_CAUSAL,115.705400,75.000000,1,75.000000,75.000000,0.000000,75.000000,59.747440,51.603980,0.001483,0.000000,0.000000,0.592743,-0.006256,0.000035,NO_EFFECTIVE_DELTA
8.080310,415.743600,1,0,1,1,0,0,1,1,NONE,NONE,3,LINEUP_HYDRAULIC_CAUSAL,115.656200,75.000000,1,75.000000,75.000000,0.000000,75.000000,60.395020,51.597150,0.001498,0.000000,0.000000,0.647583,-0.006832,0.000016,NO_EFFECTIVE_DELTA
8.083088,416.393200,1,0,1,1,0,0,1,1,NONE,NONE,3,LINEUP_HYDRAULIC_CAUSAL,115.607100,75.000000,1,75.000000,75.000000,0.000000,75.000000,61.043580,51.590320,0.001514,0.000000,0.000000,0.648560,-0.006832,0.000016,NO_EFFECTIVE_DELTA
8.085866,416.989600,1,0,1,1,0,0,1,1,NONE,NONE,3,LINEUP_HYDRAULIC_CAUSAL,115.558000,75.000000,1,75.000000,75.000000,0.000000,75.000000,61.693180,51.583480,0.001530,0.000000,0.000000,0.649597,-0.006840,0.000016,NO_EFFECTIVE_DELTA
8.088644,417.641100,1,0,1,1,0,0,1,1,NONE,NONE,3,LINEUP_HYDRAULIC_CAUSAL,115.507100,75.000000,1,75.000000,75.000000,0.000000,75.000000,62.289580,51.577200,0.001566,0.000000,0.000000,0.596405,-0.006275,0.000035,NO_EFFECTIVE_DELTA
8.091422,418.293700,1,0,1,1,0,0,1,1,NONE,NONE,3,LINEUP_HYDRAULIC_CAUSAL,115.458000,75.000000,1,75.000000,75.000000,0.000000,75.000000,62.941100,51.570350,0.001582,0.000000,0.000000,0.651520,-0.006855,0.000016,NO_EFFECTIVE_DELTA
8.094200,418.947300,1,0,1,1,0,0,1,1,NONE,NONE,3,LINEUP_HYDRAULIC_CAUSAL,115.408800,75.000000,1,75.000000,75.000000,0.000000,75.000000,63.593690,51.563490,0.001599,0.000000,0.000000,0.652588,-0.006855,0.000016,NO_EFFECTIVE_DELTA
8.096978,419.547300,1,0,1,1,0,0,1,1,NONE,NONE,3,LINEUP_HYDRAULIC_CAUSAL,115.359700,75.000000,1,75.000000,75.000000,0.000000,75.000000,64.247250,51.556630,0.001615,0.000000,0.000000,0.653565,-0.006863,0.000017,NO_EFFECTIVE_DELTA
8.099756,420.202800,1,0,1,1,0,0,1,1,NONE,NONE,3,LINEUP_HYDRAULIC_CAUSAL,115.308800,75.000000,1,75.000000,75.000000,0.000000,75.000000,64.847290,51.550330,0.001651,0.000000,0.000000,0.600037,-0.006298,0.000036,NO_EFFECTIVE_DELTA
8.102534,420.859400,1,0,1,1,0,0,1,1,NONE,NONE,3,LINEUP_HYDRAULIC_CAUSAL,115.259600,75.000000,1,75.000000,75.000000,0.000000,75.000000,65.502810,51.543460,0.001668,0.000000,0.000000,0.655518,-0.006874,0.000017,NO_EFFECTIVE_DELTA
8.105312,421.517000,1,0,1,1,0,0,1,1,NONE,NONE,3,LINEUP_HYDRAULIC_CAUSAL,115.210400,75.000000,1,75.000000,75.000000,0.000000,75.000000,66.159360,51.536580,0.001685,0.000000,0.000000,0.656555,-0.006878,0.000017,NO_EFFECTIVE_DELTA
8.108090,422.175600,1,0,1,1,0,0,1,1,NONE,NONE,3,LINEUP_HYDRAULIC_CAUSAL,115.161200,75.000000,1,75.000000,75.000000,0.000000,75.000000,66.816960,51.529690,0.001703,0.000000,0.000000,0.657593,-0.006886,0.000017,NO_EFFECTIVE_DELTA
8.110868,422.780300,1,0,1,1,0,0,1,1,NONE,NONE,3,LINEUP_HYDRAULIC_CAUSAL,115.112100,75.000000,1,75.000000,75.000000,0.000000,75.000000,67.475590,51.522810,0.001720,0.000000,0.000000,0.658630,-0.006886,0.000017,NO_EFFECTIVE_DELTA
8.113647,423.440900,1,0,1,1,0,0,1,1,NONE,NONE,3,LINEUP_HYDRAULIC_CAUSAL,115.061200,75.000000,1,75.000000,75.000000,0.000000,75.000000,68.080260,51.516480,0.001757,0.000000,0.000000,0.604675,-0.006325,0.000037,NO_EFFECTIVE_DELTA
8.116425,424.102500,1,0,1,1,0,0,1,1,NONE,NONE,3,LINEUP_HYDRAULIC_CAUSAL,115.012000,75.000000,1,75.000000,75.000000,0.000000,75.000000,68.740840,51.509580,0.001775,0.000000,0.000000,0.660584,-0.006901,0.000018,NO_EFFECTIVE_DELTA
8.119203,424.765100,1,0,1,1,0,0,1,1,NONE,NONE,3,LINEUP_HYDRAULIC_CAUSAL,114.962700,75.000000,1,75.000000,75.000000,0.000000,75.000000,69.402470,51.502680,0.001793,0.000000,0.000000,0.661621,-0.006905,0.000018,NO_EFFECTIVE_DELTA
8.121981,425.373500,1,0,1,1,0,0,1,1,NONE,NONE,3,LINEUP_HYDRAULIC_CAUSAL,114.913500,75.000000,1,75.000000,75.000000,0.000000,75.000000,70.065120,51.495760,0.001811,0.000000,0.000000,0.662659,-0.006916,0.000018,NO_EFFECTIVE_DELTA
8.124759,426.038200,1,0,1,1,0,0,1,1,NONE,NONE,3,LINEUP_HYDRAULIC_CAUSAL,114.862600,75.000000,1,75.000000,75.000000,0.000000,75.000000,70.673520,51.489420,0.001848,0.000000,0.000000,0.608398,-0.006340,0.000038,NO_EFFECTIVE_DELTA
8.127537,426.703900,1,0,1,1,0,0,1,1,NONE,NONE,3,LINEUP_HYDRAULIC_CAUSAL,114.813400,75.000000,1,75.000000,75.000000,0.000000,75.000000,71.338200,51.482490,0.001867,0.000000,0.000000,0.664673,-0.006927,0.000018,NO_EFFECTIVE_DELTA
8.130315,427.370600,1,0,1,1,0,0,1,1,NONE,NONE,3,LINEUP_HYDRAULIC_CAUSAL,114.764100,75.000000,1,75.000000,75.000000,0.000000,75.000000,72.003880,51.475570,0.001885,0.000000,0.000000,0.665680,-0.006927,0.000019,NO_EFFECTIVE_DELTA
8.133093,428.038400,1,0,1,1,0,0,1,1,NONE,NONE,3,LINEUP_HYDRAULIC_CAUSAL,114.714900,75.000000,1,75.000000,75.000000,0.000000,75.000000,72.670590,51.468630,0.001904,0.000000,0.000000,0.666718,-0.006935,0.000019,NO_EFFECTIVE_DELTA
8.135871,428.651500,1,0,1,1,0,0,1,1,NONE,NONE,3,LINEUP_HYDRAULIC_CAUSAL,114.665600,75.000000,1,75.000000,75.000000,0.000000,75.000000,73.338380,51.461690,0.001923,0.000000,0.000000,0.667786,-0.006939,0.000019,NO_EFFECTIVE_DELTA
8.138649,429.321300,1,0,1,1,0,0,1,1,NONE,NONE,3,LINEUP_HYDRAULIC_CAUSAL,114.614700,75.000000,1,75.000000,75.000000,0.000000,75.000000,73.951480,51.455330,0.001961,0.000000,0.000000,0.613098,-0.006367,0.000039,NO_EFFECTIVE_DELTA
8.141427,429.992100,1,0,1,1,0,0,1,1,NONE,NONE,3,LINEUP_HYDRAULIC_CAUSAL,114.565400,75.000000,1,75.000000,75.000000,0.000000,75.000000,74.621280,51.448370,0.001980,0.000000,0.000000,0.669800,-0.006954,0.000019,NO_EFFECTIVE_DELTA
8.144205,430.663900,1,0,1,1,0,0,1,1,NONE,NONE,3,LINEUP_HYDRAULIC_CAUSAL,114.516100,75.000000,1,75.000000,75.000000,0.000000,75.000000,75.292080,51.441420,0.002000,0.000000,0.000000,0.670807,-0.006954,0.000019,NO_EFFECTIVE_DELTA
8.146983,431.336900,1,0,1,1,0,0,1,1,NONE,NONE,3,LINEUP_HYDRAULIC_CAUSAL,114.466900,75.000000,1,75.000000,75.000000,0.000000,75.000000,75.963930,51.434450,0.002019,0.000000,0.000000,0.671845,-0.006966,0.000020,NO_EFFECTIVE_DELTA
8.149761,432.010800,1,0,1,1,0,0,1,1,NONE,NONE,3,LINEUP_HYDRAULIC_CAUSAL,114.417600,75.000000,1,75.000000,75.000000,0.000000,75.000000,76.636840,51.427490,0.002039,0.000000,0.000000,0.672913,-0.006966,0.000020,NO_EFFECTIVE_DELTA
8.152539,432.629600,1,0,1,1,0,0,1,1,NONE,NONE,3,LINEUP_HYDRAULIC_CAUSAL,114.368300,75.000000,1,75.000000,75.000000,0.000000,75.000000,77.310790,51.420510,0.002059,0.000000,0.000000,0.673950,-0.006973,0.000020,NO_EFFECTIVE_DELTA
8.155317,433.305500,1,0,1,1,0,0,1,1,NONE,NONE,3,LINEUP_HYDRAULIC_CAUSAL,114.317300,75.000000,1,75.000000,75.000000,0.000000,75.000000,77.929570,51.414110,0.002099,0.000000,0.000000,0.618774,-0.006401,0.000040,NO_EFFECTIVE_DELTA
8.158095,433.982600,1,0,1,1,0,0,1,1,NONE,NONE,3,LINEUP_HYDRAULIC_CAUSAL,114.268000,75.000000,1,75.000000,75.000000,0.000000,75.000000,78.605530,51.407130,0.002119,0.000000,0.000000,0.675964,-0.006985,0.000020,NO_EFFECTIVE_DELTA
8.160873,434.660700,1,0,1,1,0,0,1,1,NONE,NONE,3,LINEUP_HYDRAULIC_CAUSAL,114.218700,75.000000,1,75.000000,75.000000,0.000000,75.000000,79.282560,51.400140,0.002139,0.000000,0.000000,0.677033,-0.006992,0.000020,NO_EFFECTIVE_DELTA
8.163651,435.339800,1,0,1,1,0,0,1,1,NONE,NONE,3,LINEUP_HYDRAULIC_CAUSAL,114.169300,75.000000,1,75.000000,75.000000,0.000000,75.000000,79.960660,51.393140,0.002160,0.000000,0.000000,0.678101,-0.006996,0.000021,NO_EFFECTIVE_DELTA
8.166430,436.020100,1,0,1,1,0,0,1,1,NONE,NONE,3,LINEUP_HYDRAULIC_CAUSAL,114.120000,75.000000,1,75.000000,75.000000,0.000000,75.000000,80.639830,51.386140,0.002180,0.000000,0.000000,0.679169,-0.007004,0.000021,NO_EFFECTIVE_DELTA
8.169208,436.644600,1,0,1,1,0,0,1,1,NONE,NONE,3,LINEUP_HYDRAULIC_CAUSAL,114.070700,75.000000,1,75.000000,75.000000,0.000000,75.000000,81.320070,51.379130,0.002201,0.000000,0.000000,0.680237,-0.007008,0.000021,NO_EFFECTIVE_DELTA
8.171986,437.326800,1,0,1,1,0,0,1,1,NONE,NONE,3,LINEUP_HYDRAULIC_CAUSAL,114.019600,75.000000,1,75.000000,75.000000,0.000000,75.000000,81.944580,51.372700,0.002242,0.000000,0.000000,0.624512,-0.006428,0.000041,NO_EFFECTIVE_DELTA
8.174764,438.010200,1,0,1,1,0,0,1,1,NONE,NONE,3,LINEUP_HYDRAULIC_CAUSAL,113.970300,75.000000,1,75.000000,75.000000,0.000000,75.000000,82.626830,51.365680,0.002263,0.000000,0.000000,0.682251,-0.007023,0.000021,NO_EFFECTIVE_DELTA
8.177542,438.694600,1,0,1,1,0,0,1,1,NONE,NONE,3,LINEUP_HYDRAULIC_CAUSAL,113.920900,75.000000,1,75.000000,75.000000,0.000000,75.000000,83.310180,51.358660,0.002285,0.000000,0.000000,0.683350,-0.007019,0.000022,NO_EFFECTIVE_DELTA
8.180320,439.380000,1,0,1,1,0,0,1,1,NONE,NONE,3,LINEUP_HYDRAULIC_CAUSAL,113.871600,75.000000,1,75.000000,75.000000,0.000000,75.000000,83.994570,51.351620,0.002306,0.000000,0.000000,0.684387,-0.007034,0.000022,NO_EFFECTIVE_DELTA
8.183098,440.066600,1,0,1,1,0,0,1,1,NONE,NONE,3,LINEUP_HYDRAULIC_CAUSAL,113.822200,75.000000,1,75.000000,75.000000,0.000000,75.000000,84.680020,51.344590,0.002328,0.000000,0.000000,0.685455,-0.007038,0.000022,NO_EFFECTIVE_DELTA
8.185876,440.754200,1,0,1,1,0,0,1,1,NONE,NONE,3,LINEUP_HYDRAULIC_CAUSAL,113.772800,75.000000,1,75.000000,75.000000,0.000000,75.000000,85.366550,51.337540,0.002350,0.000000,0.000000,0.686523,-0.007042,0.000022,NO_EFFECTIVE_DELTA
8.188654,441.385400,1,0,1,1,0,0,1,1,NONE,NONE,3,LINEUP_HYDRAULIC_CAUSAL,113.723400,75.000000,1,75.000000,75.000000,0.000000,75.000000,86.054140,51.330500,0.002372,0.000000,0.000000,0.687592,-0.007046,0.000022,NO_EFFECTIVE_DELTA
8.191432,442.075100,1,0,1,1,0,0,1,1,NONE,NONE,3,LINEUP_HYDRAULIC_CAUSAL,113.672400,75.000000,1,75.000000,75.000000,0.000000,75.000000,86.685420,51.324030,0.002414,0.000000,0.000000,0.631287,-0.006470,0.000042,NO_EFFECTIVE_DELTA
8.194210,442.765800,1,0,1,1,0,0,1,1,NONE,NONE,3,LINEUP_HYDRAULIC_CAUSAL,113.623000,75.000000,1,75.000000,75.000000,0.000000,75.000000,87.375090,51.316970,0.002437,0.000000,0.000000,0.689667,-0.007057,0.000023,NO_EFFECTIVE_DELTA
8.196988,443.457600,1,0,1,1,0,0,1,1,NONE,NONE,3,LINEUP_HYDRAULIC_CAUSAL,113.573600,75.000000,1,75.000000,75.000000,0.000000,75.000000,88.065830,51.309910,0.002460,0.000000,0.000000,0.690735,-0.007065,0.000023,NO_EFFECTIVE_DELTA
8.199766,444.150500,1,0,1,1,0,0,1,1,NONE,NONE,3,LINEUP_HYDRAULIC_CAUSAL,113.524100,75.000000,1,75.000000,75.000000,0.000000,75.000000,88.757630,51.302840,0.002483,0.000000,0.000000,0.691803,-0.007069,0.000023,NO_EFFECTIVE_DELTA
8.202544,444.844500,1,0,1,1,0,0,1,1,NONE,NONE,3,LINEUP_HYDRAULIC_CAUSAL,113.474700,75.000000,1,75.000000,75.000000,0.000000,75.000000,89.450500,51.295760,0.002506,0.000000,0.000000,0.692871,-0.007076,0.000023,NO_EFFECTIVE_DELTA
8.205322,445.539600,1,0,1,1,0,0,1,1,NONE,NONE,3,LINEUP_HYDRAULIC_CAUSAL,113.425300,75.000000,1,75.000000,75.000000,0.000000,75.000000,90.144470,51.288680,0.002529,0.000000,0.000000,0.693970,-0.007084,0.000023,NO_EFFECTIVE_DELTA
8.208100,446.235700,1,0,1,1,0,0,1,1,NONE,NONE,3,LINEUP_HYDRAULIC_CAUSAL,113.375800,75.000000,1,75.000000,75.000000,0.000000,75.000000,90.839540,51.281590,0.002552,0.000000,0.000000,0.695068,-0.007088,0.000023,NO_EFFECTIVE_DELTA
8.210878,446.874900,1,0,1,1,0,0,1,1,NONE,NONE,3,LINEUP_HYDRAULIC_CAUSAL,113.326400,75.000000,1,75.000000,75.000000,0.000000,75.000000,91.535710,51.274490,0.002576,0.000000,0.000000,0.696167,-0.007095,0.000024,NO_EFFECTIVE_DELTA
8.213656,447.573100,1,0,1,1,0,0,1,1,NONE,NONE,3,LINEUP_HYDRAULIC_CAUSAL,113.275300,75.000000,1,75.000000,75.000000,0.000000,75.000000,92.174870,51.267980,0.002619,0.000000,0.000000,0.639160,-0.006512,0.000044,NO_EFFECTIVE_DELTA
8.216434,448.272500,1,0,1,1,0,0,1,1,NONE,NONE,3,LINEUP_HYDRAULIC_CAUSAL,113.225800,75.000000,1,75.000000,75.000000,0.000000,75.000000,92.873110,51.260880,0.002643,0.000000,0.000000,0.698242,-0.007103,0.000024,NO_EFFECTIVE_DELTA
8.219213,448.972900,1,0,1,1,0,0,1,1,NONE,NONE,3,LINEUP_HYDRAULIC_CAUSAL,113.176400,75.000000,1,75.000000,75.000000,0.000000,75.000000,93.572450,51.253770,0.002667,0.000000,0.000000,0.699341,-0.007111,0.000024,NO_EFFECTIVE_DELTA
8.221991,449.674400,1,0,1,1,0,0,1,1,NONE,NONE,3,LINEUP_HYDRAULIC_CAUSAL,113.126900,75.000000,1,75.000000,75.000000,0.000000,75.000000,94.272890,51.246650,0.002692,0.000000,0.000000,0.700440,-0.007118,0.000024,NO_EFFECTIVE_DELTA
8.224769,450.377100,1,0,1,1,0,0,1,1,NONE,NONE,3,LINEUP_HYDRAULIC_CAUSAL,113.077400,75.000000,1,75.000000,75.000000,0.000000,75.000000,94.974430,51.239530,0.002716,0.000000,0.000000,0.701538,-0.007122,0.000025,NO_EFFECTIVE_DELTA
8.227547,451.080800,1,0,1,1,0,0,1,1,NONE,NONE,3,LINEUP_HYDRAULIC_CAUSAL,113.027900,75.000000,1,75.000000,75.000000,0.000000,75.000000,95.677060,51.232400,0.002741,0.000000,0.000000,0.702637,-0.007130,0.000025,NO_EFFECTIVE_DELTA
8.230325,451.785600,1,0,1,1,0,0,1,1,NONE,NONE,3,LINEUP_HYDRAULIC_CAUSAL,112.978400,75.000000,1,75.000000,75.000000,0.000000,75.000000,96.380800,51.225260,0.002766,0.000000,0.000000,0.703735,-0.007137,0.000025,NO_EFFECTIVE_DELTA
8.233103,452.491600,1,0,1,1,0,0,1,1,NONE,NONE,3,LINEUP_HYDRAULIC_CAUSAL,112.928900,75.000000,1,75.000000,75.000000,0.000000,75.000000,97.085630,51.218120,0.002791,0.000000,0.000000,0.704834,-0.007137,0.000025,NO_EFFECTIVE_DELTA
8.235881,453.198600,1,0,1,1,0,0,1,1,NONE,NONE,3,LINEUP_HYDRAULIC_CAUSAL,112.879400,75.000000,1,75.000000,75.000000,0.000000,75.000000,97.791560,51.210980,0.002816,0.000000,0.000000,0.705933,-0.007149,0.000025,NO_EFFECTIVE_DELTA
8.238659,453.906700,1,0,1,1,0,0,1,1,NONE,NONE,3,LINEUP_HYDRAULIC_CAUSAL,112.829900,75.000000,1,75.000000,75.000000,0.000000,75.000000,98.498600,51.203820,0.002841,0.000000,0.000000,0.707031,-0.007153,0.000025,NO_EFFECTIVE_DELTA
8.241437,454.616000,1,0,1,1,0,0,1,1,NONE,NONE,3,LINEUP_HYDRAULIC_CAUSAL,112.780400,75.000000,1,75.000000,75.000000,0.000000,75.000000,99.206730,51.196670,0.002867,0.000000,0.000000,0.708130,-0.007156,0.000026,NO_EFFECTIVE_DELTA
8.244215,455.267100,1,0,1,1,0,0,1,1,NONE,NONE,3,LINEUP_HYDRAULIC_CAUSAL,112.730900,75.000000,1,75.000000,75.000000,0.000000,75.000000,99.915950,51.189500,0.002893,0.000000,0.000000,0.709229,-0.007168,0.000026,NO_EFFECTIVE_DELTA
8.246993,455.978500,1,0,1,1,0,0,1,1,NONE,NONE,3,LINEUP_HYDRAULIC_CAUSAL,112.679700,75.000000,1,75.000000,75.000000,0.000000,75.000000,100.567100,51.182930,0.002939,0.000000,0.000000,0.651123,-0.006573,0.000046,NO_EFFECTIVE_DELTA
8.249771,456.690900,1,0,1,1,0,0,1,1,NONE,NONE,3,LINEUP_HYDRAULIC_CAUSAL,112.630100,75.000000,1,75.000000,75.000000,0.000000,75.000000,101.278400,51.175750,0.002965,0.000000,0.000000,0.711365,-0.007172,0.000026,NO_EFFECTIVE_DELTA
8.252549,457.404500,1,0,1,1,0,0,1,1,NONE,NONE,3,LINEUP_HYDRAULIC_CAUSAL,112.580600,75.000000,1,75.000000,75.000000,0.000000,75.000000,101.990900,51.168570,0.002992,0.000000,0.000000,0.712463,-0.007183,0.000026,NO_EFFECTIVE_DELTA
8.255327,458.119100,1,0,1,1,0,0,1,1,NONE,NONE,3,LINEUP_HYDRAULIC_CAUSAL,112.531000,75.000000,1,75.000000,75.000000,0.000000,75.000000,102.704500,51.161380,0.003018,0.000000,0.000000,0.713562,-0.007187,0.000027,NO_EFFECTIVE_DELTA
8.258105,458.835000,1,0,1,1,0,0,1,1,NONE,NONE,3,LINEUP_HYDRAULIC_CAUSAL,112.481500,75.000000,1,75.000000,75.000000,0.000000,75.000000,103.419100,51.154190,0.003045,0.000000,0.000000,0.714661,-0.007191,0.000027,NO_EFFECTIVE_DELTA
8.260883,459.551900,1,0,1,1,0,0,1,1,NONE,NONE,3,LINEUP_HYDRAULIC_CAUSAL,112.431900,75.000000,1,75.000000,75.000000,0.000000,75.000000,104.134900,51.146990,0.003072,0.000000,0.000000,0.715820,-0.007202,0.000027,NO_EFFECTIVE_DELTA
8.263661,460.269900,1,0,1,1,0,0,1,1,NONE,NONE,3,LINEUP_HYDRAULIC_CAUSAL,112.382300,75.000000,1,75.000000,75.000000,0.000000,75.000000,104.851900,51.139790,0.003099,0.000000,0.000000,0.716919,-0.007206,0.000027,NO_EFFECTIVE_DELTA
8.266439,460.989100,1,0,1,1,0,0,1,1,NONE,NONE,3,LINEUP_HYDRAULIC_CAUSAL,112.332700,75.000000,1,75.000000,75.000000,0.000000,75.000000,105.569900,51.132580,0.003126,0.000000,0.000000,0.718048,-0.007210,0.000027,NO_EFFECTIVE_DELTA
8.269217,461.709400,1,0,1,1,0,0,1,1,NONE,NONE,3,LINEUP_HYDRAULIC_CAUSAL,112.283100,75.000000,1,75.000000,75.000000,0.000000,75.000000,106.289100,51.125360,0.003154,0.000000,0.000000,0.719177,-0.007217,0.000028,NO_EFFECTIVE_DELTA
8.271996,462.430800,1,0,1,1,0,0,1,1,NONE,NONE,3,LINEUP_HYDRAULIC_CAUSAL,112.233600,75.000000,1,75.000000,75.000000,0.000000,75.000000,107.009400,51.118130,0.003182,0.000000,0.000000,0.720306,-0.007225,0.000028,NO_EFFECTIVE_DELTA
8.274774,463.153400,1,0,1,1,0,0,1,1,NONE,NONE,3,LINEUP_HYDRAULIC_CAUSAL,112.183900,75.000000,1,75.000000,75.000000,0.000000,75.000000,107.730800,51.110910,0.003210,0.000000,0.000000,0.721436,-0.007225,0.000028,NO_EFFECTIVE_DELTA
8.277552,463.877100,1,0,1,1,0,0,1,1,NONE,NONE,3,LINEUP_HYDRAULIC_CAUSAL,112.134300,75.000000,1,75.000000,75.000000,0.000000,75.000000,108.453400,51.103670,0.003238,0.000000,0.000000,0.722534,-0.007236,0.000028,NO_EFFECTIVE_DELTA
8.280330,464.601900,1,0,1,1,0,0,1,1,NONE,NONE,3,LINEUP_HYDRAULIC_CAUSAL,112.084700,75.000000,1,75.000000,75.000000,0.000000,75.000000,109.177100,51.096430,0.003266,0.000000,0.000000,0.723694,-0.007244,0.000028,NO_EFFECTIVE_DELTA
8.283108,465.327800,1,0,1,1,0,0,1,1,NONE,NONE,3,LINEUP_HYDRAULIC_CAUSAL,112.035100,75.000000,1,75.000000,75.000000,0.000000,75.000000,109.901900,51.089180,0.003295,0.000000,0.000000,0.724793,-0.007244,0.000029,NO_EFFECTIVE_DELTA
8.285886,466.054900,1,0,1,1,0,0,1,1,NONE,NONE,3,LINEUP_HYDRAULIC_CAUSAL,111.985400,75.000000,1,75.000000,75.000000,0.000000,75.000000,110.627800,51.081940,0.003324,0.000000,0.000000,0.725952,-0.007248,0.000029,NO_EFFECTIVE_DELTA
8.288664,466.783100,1,0,1,1,0,0,1,1,NONE,NONE,3,LINEUP_HYDRAULIC_CAUSAL,111.935800,75.000000,1,75.000000,75.000000,0.000000,75.000000,111.354900,51.074680,0.003353,0.000000,0.000000,0.727051,-0.007259,0.000029,NO_EFFECTIVE_DELTA
8.291442,467.512500,1,0,1,1,0,0,1,1,NONE,NONE,3,LINEUP_HYDRAULIC_CAUSAL,111.886100,75.000000,1,75.000000,75.000000,0.000000,75.000000,112.083100,51.067410,0.003382,0.000000,0.000000,0.728210,-0.007267,0.000029,NO_EFFECTIVE_DELTA
8.294220,468.242900,1,0,1,1,0,0,1,1,NONE,NONE,3,LINEUP_HYDRAULIC_CAUSAL,111.836500,75.000000,1,75.000000,75.000000,0.000000,75.000000,112.812400,51.060130,0.003411,0.000000,0.000000,0.729370,-0.007275,0.000029,NO_EFFECTIVE_DELTA
8.296998,468.974500,1,0,1,1,0,0,1,1,NONE,NONE,3,LINEUP_HYDRAULIC_CAUSAL,111.786800,75.000000,1,75.000000,75.000000,0.000000,75.000000,113.542900,51.052860,0.003441,0.000000,0.000000,0.730469,-0.007275,0.000030,NO_EFFECTIVE_DELTA
8.299776,469.707300,1,0,1,1,0,0,1,1,NONE,NONE,3,LINEUP_HYDRAULIC_CAUSAL,111.737100,75.000000,1,75.000000,75.000000,0.000000,75.000000,114.274500,51.045580,0.003471,0.000000,0.000000,0.731628,-0.007282,0.000030,NO_EFFECTIVE_DELTA
8.302554,470.441200,1,0,1,1,0,0,1,1,NONE,NONE,3,LINEUP_HYDRAULIC_CAUSAL,111.687400,75.000000,1,75.000000,75.000000,0.000000,75.000000,115.007300,51.038290,0.003501,0.000000,0.000000,0.732788,-0.007286,0.000030,NO_EFFECTIVE_DELTA
8.305332,471.176300,1,0,1,1,0,0,1,1,NONE,NONE,3,LINEUP_HYDRAULIC_CAUSAL,111.637800,75.000000,1,75.000000,75.000000,0.000000,75.000000,115.741200,51.030990,0.003531,0.000000,0.000000,0.733887,-0.007298,0.000030,NO_EFFECTIVE_DELTA
8.308110,471.912500,1,0,1,1,0,0,1,1,NONE,NONE,3,LINEUP_HYDRAULIC_CAUSAL,111.588100,75.000000,1,75.000000,75.000000,0.000000,75.000000,116.476300,51.023700,0.003561,0.000000,0.000000,0.735046,-0.007298,0.000030,NO_EFFECTIVE_DELTA
8.310888,472.649800,1,0,1,1,0,0,1,1,NONE,NONE,3,LINEUP_HYDRAULIC_CAUSAL,111.538400,75.000000,1,75.000000,75.000000,0.000000,75.000000,117.212500,51.016390,0.003592,0.000000,0.000000,0.736206,-0.007309,0.000031,NO_EFFECTIVE_DELTA
8.313666,473.388400,1,0,1,1,0,0,1,1,NONE,NONE,3,LINEUP_HYDRAULIC_CAUSAL,111.488600,75.000000,1,75.000000,75.000000,0.000000,75.000000,117.949800,51.009080,0.003623,0.000000,0.000000,0.737366,-0.007313,0.000031,NO_EFFECTIVE_DELTA
8.316444,474.128100,1,0,1,1,0,0,1,1,NONE,NONE,3,LINEUP_HYDRAULIC_CAUSAL,111.438900,75.000000,1,75.000000,75.000000,0.000000,75.000000,118.688400,51.001760,0.003654,0.000000,0.000000,0.738525,-0.007317,0.000031,NO_EFFECTIVE_DELTA
8.319222,474.868900,1,0,1,1,0,0,1,1,NONE,NONE,3,LINEUP_HYDRAULIC_CAUSAL,111.389200,75.000000,1,75.000000,75.000000,0.000000,75.000000,119.428000,50.994430,0.003685,0.000000,0.000000,0.739685,-0.007328,0.000031,NO_EFFECTIVE_DELTA
8.322001,475.610900,1,0,1,1,0,0,1,1,NONE,NONE,3,LINEUP_HYDRAULIC_CAUSAL,111.339500,75.000000,1,75.000000,75.000000,0.000000,75.000000,120.168900,50.987100,0.003716,0.000000,0.000000,0.740845,-0.007328,0.000032,NO_EFFECTIVE_DELTA
8.324779,476.354000,1,0,1,1,0,0,1,1,NONE,NONE,3,LINEUP_HYDRAULIC_CAUSAL,111.289700,75.000000,1,75.000000,75.000000,0.000000,75.000000,120.910900,50.979760,0.003748,0.000000,0.000000,0.742004,-0.007339,0.000032,NO_EFFECTIVE_DELTA
8.327557,477.098300,1,0,1,1,0,0,1,1,NONE,NONE,3,LINEUP_HYDRAULIC_CAUSAL,111.240000,75.000000,1,75.000000,75.000000,0.000000,75.000000,121.654000,50.972420,0.003780,0.000000,0.000000,0.743134,-0.007343,0.000032,NO_EFFECTIVE_DELTA
8.330335,477.843800,1,0,1,1,0,0,1,1,NONE,NONE,3,LINEUP_HYDRAULIC_CAUSAL,111.190200,75.000000,1,75.000000,75.000000,0.000000,75.000000,122.398300,50.965070,0.003812,0.000000,0.000000,0.744293,-0.007347,0.000032,NO_EFFECTIVE_DELTA
8.333113,478.590500,1,0,1,1,0,0,1,1,NONE,NONE,3,LINEUP_HYDRAULIC_CAUSAL,111.140400,75.000000,1,75.000000,75.000000,0.000000,75.000000,123.143800,50.957710,0.003844,0.000000,0.000000,0.745483,-0.007359,0.000032,NO_EFFECTIVE_DELTA
8.335891,479.338300,1,0,1,1,0,0,1,1,NONE,NONE,3,LINEUP_HYDRAULIC_CAUSAL,111.090700,75.000000,1,75.000000,75.000000,0.000000,75.000000,123.890400,50.950360,0.003877,0.000000,0.000000,0.746643,-0.007359,0.000032,NO_EFFECTIVE_DELTA
8.338669,480.087200,1,0,1,1,0,0,1,1,NONE,NONE,3,LINEUP_HYDRAULIC_CAUSAL,111.040900,75.000000,1,75.000000,75.000000,0.000000,75.000000,124.638200,50.942990,0.003910,0.000000,0.000000,0.747803,-0.007366,0.000033,NO_EFFECTIVE_DELTA
8.341447,480.837300,1,0,1,1,0,0,1,1,NONE,NONE,3,LINEUP_HYDRAULIC_CAUSAL,110.991100,75.000000,1,75.000000,75.000000,0.000000,75.000000,125.387200,50.935610,0.003943,0.000000,0.000000,0.748962,-0.007378,0.000033,NO_EFFECTIVE_DELTA
8.344225,481.588600,1,0,1,1,0,0,1,1,NONE,NONE,3,LINEUP_HYDRAULIC_CAUSAL,110.941300,75.000000,1,75.000000,75.000000,0.000000,75.000000,126.137300,50.928230,0.003976,0.000000,0.000000,0.750122,-0.007378,0.000033,NO_EFFECTIVE_DELTA
8.347003,482.341100,1,0,1,1,0,0,1,1,NONE,NONE,3,LINEUP_HYDRAULIC_CAUSAL,110.891500,75.000000,1,75.000000,75.000000,0.000000,75.000000,126.888600,50.920850,0.004009,0.000000,0.000000,0.751282,-0.007385,0.000033,NO_EFFECTIVE_DELTA
8.349781,483.094800,1,0,1,1,0,0,1,1,NONE,NONE,3,LINEUP_HYDRAULIC_CAUSAL,110.841700,75.000000,1,75.000000,75.000000,0.000000,75.000000,127.641100,50.913460,0.004043,0.000000,0.000000,0.752472,-0.007389,0.000034,NO_EFFECTIVE_DELTA
8.352559,483.849600,1,0,1,1,0,0,1,1,NONE,NONE,3,LINEUP_HYDRAULIC_CAUSAL,110.791800,75.000000,1,75.000000,75.000000,0.000000,75.000000,128.394700,50.906060,0.004077,0.000000,0.000000,0.753662,-0.007401,0.000034,NO_EFFECTIVE_DELTA
8.355337,484.605600,1,0,1,1,0,0,1,1,NONE,NONE,3,LINEUP_HYDRAULIC_CAUSAL,110.742000,75.000000,1,75.000000,75.000000,0.000000,75.000000,129.149600,50.898660,0.004111,0.000000,0.000000,0.754822,-0.007401,0.000034,NO_EFFECTIVE_DELTA
8.358115,485.362800,1,0,1,1,0,0,1,1,NONE,NONE,3,LINEUP_HYDRAULIC_CAUSAL,110.692200,75.000000,1,75.000000,75.000000,0.000000,75.000000,129.905600,50.891250,0.004145,0.000000,0.000000,0.756012,-0.007412,0.000034,NO_EFFECTIVE_DELTA
8.360893,486.121200,1,0,1,1,0,0,1,1,NONE,NONE,3,LINEUP_HYDRAULIC_CAUSAL,110.642300,75.000000,1,75.000000,75.000000,0.000000,75.000000,130.662800,50.883830,0.004180,0.000000,0.000000,0.757202,-0.007416,0.000035,NO_EFFECTIVE_DELTA
8.363671,486.880700,1,0,1,1,0,0,1,1,NONE,NONE,3,LINEUP_HYDRAULIC_CAUSAL,110.592500,75.000000,1,75.000000,75.000000,0.000000,75.000000,131.421100,50.876410,0.004215,0.000000,0.000000,0.758362,-0.007423,0.000035,NO_EFFECTIVE_DELTA
8.366449,487.704900,1,0,1,1,0,0,1,1,NONE,NONE,3,LINEUP_HYDRAULIC_CAUSAL,110.542600,75.000000,1,75.000000,75.000000,0.000000,75.000000,132.180700,50.868980,0.004250,0.000000,0.000000,0.759583,-0.007431,0.000035,NO_EFFECTIVE_DELTA
8.369227,488.466900,1,0,1,1,0,0,1,1,NONE,NONE,3,LINEUP_HYDRAULIC_CAUSAL,110.494400,75.000000,1,75.000000,75.000000,0.000000,75.000000,133.004900,50.860930,0.004264,0.000000,0.000000,0.824158,-0.008049,0.000015,NO_EFFECTIVE_DELTA
8.372005,489.230200,1,0,1,1,0,0,1,1,NONE,NONE,3,LINEUP_HYDRAULIC_CAUSAL,110.444500,75.000000,1,75.000000,75.000000,0.000000,75.000000,133.766900,50.853490,0.004300,0.000000,0.000000,0.762024,-0.007442,0.000035,NO_EFFECTIVE_DELTA
8.374784,489.994600,1,0,1,1,0,0,1,1,NONE,NONE,3,LINEUP_HYDRAULIC_CAUSAL,110.394600,75.000000,1,75.000000,75.000000,0.000000,75.000000,134.530200,50.846040,0.004335,0.000000,0.000000,0.763245,-0.007446,0.000036,NO_EFFECTIVE_DELTA
8.377562,490.760200,1,0,1,1,0,0,1,1,NONE,NONE,3,LINEUP_HYDRAULIC_CAUSAL,110.344700,75.000000,1,75.000000,75.000000,0.000000,75.000000,135.294600,50.838580,0.004371,0.000000,0.000000,0.764404,-0.007454,0.000036,NO_EFFECTIVE_DELTA
8.380340,491.527000,1,0,1,1,0,0,1,1,NONE,NONE,3,LINEUP_HYDRAULIC_CAUSAL,110.294800,75.000000,1,75.000000,75.000000,0.000000,75.000000,136.060200,50.831120,0.004407,0.000000,0.000000,0.765625,-0.007462,0.000036,NO_EFFECTIVE_DELTA
8.383118,492.295000,1,0,1,1,0,0,1,1,NONE,NONE,3,LINEUP_HYDRAULIC_CAUSAL,110.244900,75.000000,1,75.000000,75.000000,0.000000,75.000000,136.827000,50.823660,0.004444,0.000000,0.000000,0.766846,-0.007465,0.000036,NO_EFFECTIVE_DELTA
8.385896,493.064300,1,0,1,1,0,0,1,1,NONE,NONE,3,LINEUP_HYDRAULIC_CAUSAL,110.195000,75.000000,1,75.000000,75.000000,0.000000,75.000000,137.595000,50.816180,0.004480,0.000000,0.000000,0.768005,-0.007473,0.000037,NO_EFFECTIVE_DELTA
8.388674,493.834700,1,0,1,1,0,0,1,1,NONE,NONE,3,LINEUP_HYDRAULIC_CAUSAL,110.145100,75.000000,1,75.000000,75.000000,0.000000,75.000000,138.364300,50.808710,0.004517,0.000000,0.000000,0.769226,-0.007477,0.000037,NO_EFFECTIVE_DELTA
8.391452,494.606300,1,0,1,1,0,0,1,1,NONE,NONE,3,LINEUP_HYDRAULIC_CAUSAL,110.095200,75.000000,1,75.000000,75.000000,0.000000,75.000000,139.134700,50.801220,0.004554,0.000000,0.000000,0.770416,-0.007484,0.000037,NO_EFFECTIVE_DELTA
8.394230,495.443500,1,0,1,1,0,0,1,1,NONE,NONE,3,LINEUP_HYDRAULIC_CAUSAL,110.045200,75.000000,1,75.000000,75.000000,0.000000,75.000000,139.906300,50.793730,0.004592,0.000000,0.000000,0.771606,-0.007492,0.000037,NO_EFFECTIVE_DELTA
8.397008,496.217700,1,0,1,1,0,0,1,1,NONE,NONE,3,LINEUP_HYDRAULIC_CAUSAL,109.996900,75.000000,1,75.000000,75.000000,0.000000,75.000000,140.743500,50.785610,0.004608,0.000000,0.000000,0.837250,-0.008121,0.000017,NO_EFFECTIVE_DELTA
8.399786,496.993000,1,0,1,1,0,0,1,1,NONE,NONE,3,LINEUP_HYDRAULIC_CAUSAL,109.947000,75.000000,1,75.000000,75.000000,0.000000,75.000000,141.517600,50.778110,0.004646,0.000000,0.000000,0.774109,-0.007504,0.000038,NO_EFFECTIVE_DELTA
8.402564,497.769600,1,0,1,1,0,0,1,1,NONE,NONE,3,LINEUP_HYDRAULIC_CAUSAL,109.897000,75.000000,1,75.000000,75.000000,0.000000,75.000000,142.293000,50.770600,0.004684,0.000000,0.000000,0.775360,-0.007511,0.000038,NO_EFFECTIVE_DELTA
8.405342,498.547300,1,0,1,1,0,0,1,1,NONE,NONE,3,LINEUP_HYDRAULIC_CAUSAL,109.847000,75.000000,1,75.000000,75.000000,0.000000,75.000000,143.069500,50.763080,0.004722,0.000000,0.000000,0.776550,-0.007515,0.000038,NO_EFFECTIVE_DELTA
8.408120,499.326300,1,0,1,1,0,0,1,1,NONE,NONE,3,LINEUP_HYDRAULIC_CAUSAL,109.797000,75.000000,1,75.000000,75.000000,0.000000,75.000000,143.847300,50.755560,0.004761,0.000000,0.000000,0.777741,-0.007523,0.000039,NO_EFFECTIVE_DELTA
8.410898,500.009000,1,0,1,1,0,0,1,1,NONE,NONE,3,LINEUP_HYDRAULIC_CAUSAL,109.747000,75.000000,1,75.000000,75.000000,0.000000,75.000000,144.626300,50.748030,0.004800,0.000000,0.000000,0.778992,-0.007526,0.000039,NO_EFFECTIVE_DELTA
8.413676,500.790200,1,0,1,1,0,0,1,1,NONE,NONE,3,LINEUP_HYDRAULIC_CAUSAL,109.694500,75.000000,1,75.000000,75.000000,0.000000,75.000000,145.309000,50.741440,0.004870,0.000000,0.000000,0.682678,-0.006592,0.000070,NO_EFFECTIVE_DELTA
8.416454,501.572700,1,0,1,1,0,0,1,1,NONE,NONE,3,LINEUP_HYDRAULIC_CAUSAL,109.644600,75.000000,1,75.000000,75.000000,0.000000,75.000000,146.090200,50.733890,0.004909,0.000000,0.000000,0.781250,-0.007545,0.000039,NO_EFFECTIVE_DELTA
8.419232,502.356400,1,0,1,1,0,0,1,1,NONE,NONE,3,LINEUP_HYDRAULIC_CAUSAL,109.594500,75.000000,1,75.000000,75.000000,0.000000,75.000000,146.872700,50.726350,0.004949,0.000000,0.000000,0.782471,-0.007542,0.000040,NO_EFFECTIVE_DELTA
8.422010,503.141300,1,0,1,1,0,0,1,1,NONE,NONE,3,LINEUP_HYDRAULIC_CAUSAL,109.544500,75.000000,1,75.000000,75.000000,0.000000,75.000000,147.656400,50.718800,0.004989,0.000000,0.000000,0.783691,-0.007553,0.000040,NO_EFFECTIVE_DELTA
8.424788,503.927400,1,0,1,1,0,0,1,1,NONE,NONE,3,LINEUP_HYDRAULIC_CAUSAL,109.494500,75.000000,1,75.000000,75.000000,0.000000,75.000000,148.441300,50.711240,0.005029,0.000000,0.000000,0.784912,-0.007557,0.000040,NO_EFFECTIVE_DELTA
8.427567,504.714800,1,0,1,1,0,0,1,1,NONE,NONE,3,LINEUP_HYDRAULIC_CAUSAL,109.444400,75.000000,1,75.000000,75.000000,0.000000,75.000000,149.227400,50.703670,0.005069,0.000000,0.000000,0.786133,-0.007568,0.000040,NO_EFFECTIVE_DELTA
8.430345,505.503400,1,0,1,1,0,0,1,1,NONE,NONE,3,LINEUP_HYDRAULIC_CAUSAL,109.394400,75.000000,1,75.000000,75.000000,0.000000,75.000000,150.014800,50.696110,0.005110,0.000000,0.000000,0.787354,-0.007568,0.000041,NO_EFFECTIVE_DELTA
8.433123,506.293200,1,0,1,1,0,0,1,1,NONE,NONE,3,LINEUP_HYDRAULIC_CAUSAL,109.344300,75.000000,1,75.000000,75.000000,0.000000,75.000000,150.803400,50.688530,0.005150,0.000000,0.000000,0.788635,-0.007580,0.000041,NO_EFFECTIVE_DELTA
8.435901,507.084300,1,0,1,1,0,0,1,1,NONE,NONE,3,LINEUP_HYDRAULIC_CAUSAL,109.294200,75.000000,1,75.000000,75.000000,0.000000,75.000000,151.593200,50.680940,0.005192,0.000000,0.000000,0.789825,-0.007584,0.000041,NO_EFFECTIVE_DELTA
8.438679,507.942700,1,0,1,1,0,0,1,1,NONE,NONE,3,LINEUP_HYDRAULIC_CAUSAL,109.244100,75.000000,1,75.000000,75.000000,0.000000,75.000000,152.384300,50.673350,0.005233,0.000000,0.000000,0.791077,-0.007591,0.000041,NO_EFFECTIVE_DELTA
8.441457,508.736400,1,0,1,1,0,0,1,1,NONE,NONE,3,LINEUP_HYDRAULIC_CAUSAL,109.195700,75.000000,1,75.000000,75.000000,0.000000,75.000000,153.242700,50.665120,0.005253,0.000000,0.000000,0.858368,-0.008228,0.000020,NO_EFFECTIVE_DELTA
8.444235,509.531300,1,0,1,1,0,0,1,1,NONE,NONE,3,LINEUP_HYDRAULIC_CAUSAL,109.145600,75.000000,1,75.000000,75.000000,0.000000,75.000000,154.036300,50.657520,0.005295,0.000000,0.000000,0.793671,-0.007603,0.000042,NO_EFFECTIVE_DELTA
8.447013,510.327400,1,0,1,1,0,0,1,1,NONE,NONE,3,LINEUP_HYDRAULIC_CAUSAL,109.095500,75.000000,1,75.000000,75.000000,0.000000,75.000000,154.831200,50.649910,0.005337,0.000000,0.000000,0.794891,-0.007614,0.000042,NO_EFFECTIVE_DELTA
8.449791,511.124800,1,0,1,1,0,0,1,1,NONE,NONE,3,LINEUP_HYDRAULIC_CAUSAL,109.045400,75.000000,1,75.000000,75.000000,0.000000,75.000000,155.627400,50.642290,0.005379,0.000000,0.000000,0.796143,-0.007614,0.000042,NO_EFFECTIVE_DELTA
8.452569,511.923400,1,0,1,1,0,0,1,1,NONE,NONE,3,LINEUP_HYDRAULIC_CAUSAL,108.995300,75.000000,1,75.000000,75.000000,0.000000,75.000000,156.424700,50.634670,0.005422,0.000000,0.000000,0.797363,-0.007618,0.000043,NO_EFFECTIVE_DELTA
8.455347,512.789900,1,0,1,1,0,0,1,1,NONE,NONE,3,LINEUP_HYDRAULIC_CAUSAL,108.945100,75.000000,1,75.000000,75.000000,0.000000,75.000000,157.223400,50.627040,0.005465,0.000000,0.000000,0.798615,-0.007629,0.000043,NO_EFFECTIVE_DELTA
8.458125,513.591200,1,0,1,1,0,0,1,1,NONE,NONE,3,LINEUP_HYDRAULIC_CAUSAL,108.896700,75.000000,1,75.000000,75.000000,0.000000,75.000000,158.089900,50.618770,0.005487,0.000000,0.000000,0.866547,-0.008274,0.000022,NO_EFFECTIVE_DELTA
8.460903,514.393700,1,0,1,1,0,0,1,1,NONE,NONE,3,LINEUP_HYDRAULIC_CAUSAL,108.846500,75.000000,1,75.000000,75.000000,0.000000,75.000000,158.891200,50.611130,0.005530,0.000000,0.000000,0.801270,-0.007637,0.000043,NO_EFFECTIVE_DELTA
8.463681,515.197400,1,0,1,1,0,0,1,1,NONE,NONE,3,LINEUP_HYDRAULIC_CAUSAL,108.796300,75.000000,1,75.000000,75.000000,0.000000,75.000000,159.693700,50.603480,0.005574,0.000000,0.000000,0.802490,-0.007652,0.000044,NO_EFFECTIVE_DELTA
8.466459,516.002400,1,0,1,1,0,0,1,1,NONE,NONE,3,LINEUP_HYDRAULIC_CAUSAL,108.746200,75.000000,1,75.000000,75.000000,0.000000,75.000000,160.497400,50.595830,0.005618,0.000000,0.000000,0.803711,-0.007652,0.000044,NO_EFFECTIVE_DELTA
8.469237,516.808700,1,0,1,1,0,0,1,1,NONE,NONE,3,LINEUP_HYDRAULIC_CAUSAL,108.696000,75.000000,1,75.000000,75.000000,0.000000,75.000000,161.302400,50.588170,0.005662,0.000000,0.000000,0.805054,-0.007664,0.000044,NO_EFFECTIVE_DELTA
8.472015,517.683500,1,0,1,1,0,0,1,1,NONE,NONE,3,LINEUP_HYDRAULIC_CAUSAL,108.645800,75.000000,1,75.000000,75.000000,0.000000,75.000000,162.108700,50.580500,0.005706,0.000000,0.000000,0.806274,-0.007668,0.000044,NO_EFFECTIVE_DELTA
8.474793,518.492400,1,0,1,1,0,0,1,1,NONE,NONE,3,LINEUP_HYDRAULIC_CAUSAL,108.597300,75.000000,1,75.000000,75.000000,0.000000,75.000000,162.983500,50.572190,0.005730,0.000000,0.000000,0.874817,-0.008308,0.000024,NO_EFFECTIVE_DELTA
8.477571,519.302600,1,0,1,1,0,0,1,1,NONE,NONE,3,LINEUP_HYDRAULIC_CAUSAL,108.547100,75.000000,1,75.000000,75.000000,0.000000,75.000000,163.792400,50.564500,0.005775,0.000000,0.000000,0.808899,-0.007687,0.000045,NO_EFFECTIVE_DELTA
8.480350,520.114000,1,0,1,1,0,0,1,1,NONE,NONE,3,LINEUP_HYDRAULIC_CAUSAL,108.496900,75.000000,1,75.000000,75.000000,0.000000,75.000000,164.602600,50.556820,0.005820,0.000000,0.000000,0.810181,-0.007683,0.000045,NO_EFFECTIVE_DELTA
8.483128,520.926600,1,0,1,1,0,0,1,1,NONE,NONE,3,LINEUP_HYDRAULIC_CAUSAL,108.446600,75.000000,1,75.000000,75.000000,0.000000,75.000000,165.414000,50.549130,0.005865,0.000000,0.000000,0.811401,-0.007694,0.000046,NO_EFFECTIVE_DELTA
8.485906,521.808400,1,0,1,1,0,0,1,1,NONE,NONE,3,LINEUP_HYDRAULIC_CAUSAL,108.396400,75.000000,1,75.000000,75.000000,0.000000,75.000000,166.226600,50.541430,0.005911,0.000000,0.000000,0.812622,-0.007698,0.000046,NO_EFFECTIVE_DELTA
8.488684,522.623700,1,0,1,1,0,0,1,1,NONE,NONE,3,LINEUP_HYDRAULIC_CAUSAL,108.347800,75.000000,1,75.000000,75.000000,0.000000,75.000000,167.108400,50.533080,0.005936,0.000000,0.000000,0.881775,-0.008350,0.000025,NO_EFFECTIVE_DELTA
8.491462,523.440300,1,0,1,1,0,0,1,1,NONE,NONE,3,LINEUP_HYDRAULIC_CAUSAL,108.297600,75.000000,1,75.000000,75.000000,0.000000,75.000000,167.923700,50.525370,0.005982,0.000000,0.000000,0.815308,-0.007710,0.000046,NO_EFFECTIVE_DELTA
8.494240,524.258200,1,0,1,1,0,0,1,1,NONE,NONE,3,LINEUP_HYDRAULIC_CAUSAL,108.247300,75.000000,1,75.000000,75.000000,0.000000,75.000000,168.740300,50.517640,0.006029,0.000000,0.000000,0.816589,-0.007725,0.000046,NO_EFFECTIVE_DELTA
8.497018,525.077300,1,0,1,1,0,0,1,1,NONE,NONE,3,LINEUP_HYDRAULIC_CAUSAL,108.197100,75.000000,1,75.000000,75.000000,0.000000,75.000000,169.558200,50.509920,0.006076,0.000000,0.000000,0.817871,-0.007721,0.000047,NO_EFFECTIVE_DELTA
8.499796,525.966100,1,0,1,1,0,0,1,1,NONE,NONE,3,LINEUP_HYDRAULIC_CAUSAL,108.146800,75.000000,1,75.000000,75.000000,0.000000,75.000000,170.377300,50.502190,0.006123,0.000000,0.000000,0.819092,-0.007732,0.000047,NO_EFFECTIVE_DELTA
8.502574,526.787800,1,0,1,1,0,0,1,1,NONE,NONE,3,LINEUP_HYDRAULIC_CAUSAL,108.098100,75.000000,1,75.000000,75.000000,0.000000,75.000000,171.266100,50.493810,0.006149,0.000000,0.000000,0.888794,-0.008381,0.000026,NO_EFFECTIVE_DELTA
8.505352,527.611000,1,0,1,1,0,0,1,1,NONE,NONE,3,LINEUP_HYDRAULIC_CAUSAL,108.047800,75.000000,1,75.000000,75.000000,0.000000,75.000000,172.087800,50.486060,0.006196,0.000000,0.000000,0.821777,-0.007748,0.000048,NO_EFFECTIVE_DELTA
8.508130,528.504000,1,0,1,1,0,0,1,1,NONE,NONE,3,LINEUP_HYDRAULIC_CAUSAL,107.997600,75.000000,1,75.000000,75.000000,11.735720,63.264280,172.910900,50.478310,0.006244,0.000000,0.000000,0.823120,-0.007755,0.000048,NO_EFFECTIVE_DELTA
8.510908,529.329800,1,0,1,1,0,0,1,1,NONE,NONE,3,LINEUP_HYDRAULIC_CAUSAL,107.957600,75.000000,1,75.000000,75.000000,11.774770,63.225230,173.804000,50.469900,0.006270,0.000000,0.000000,0.893066,-0.008404,0.000026,NO_EFFECTIVE_DELTA
8.513686,530.225800,1,0,1,1,0,0,1,1,NONE,NONE,3,LINEUP_HYDRAULIC_CAUSAL,107.916000,75.000000,1,75.000000,75.000000,11.815420,63.184580,174.629800,50.462140,0.006317,0.000000,0.000000,0.825806,-0.007763,0.000047,NO_EFFECTIVE_DELTA
8.516464,531.054300,1,0,1,1,0,0,1,1,NONE,NONE,3,LINEUP_HYDRAULIC_CAUSAL,107.876200,75.000000,1,75.000000,75.000000,11.854420,63.145580,175.525800,50.453720,0.006343,0.000000,0.000000,0.895996,-0.008419,0.000026,NO_EFFECTIVE_DELTA
8.519242,531.884200,1,0,1,1,0,0,1,1,NONE,NONE,3,LINEUP_HYDRAULIC_CAUSAL,107.834600,75.000000,1,75.000000,75.000000,11.895020,63.104980,176.354300,50.445940,0.006391,0.000000,0.000000,0.828491,-0.007778,0.000048,NO_EFFECTIVE_DELTA
8.522020,532.853800,1,0,1,1,0,0,1,1,NONE,NONE,3,LINEUP_HYDRAULIC_CAUSAL,107.793200,75.000000,1,75.000000,75.000000,11.935580,63.064410,177.184100,50.438150,0.006438,0.000000,0.000000,0.829834,-0.007790,0.000048,NO_EFFECTIVE_DELTA
8.524798,533.686300,1,0,1,1,0,0,1,1,NONE,NONE,3,LINEUP_HYDRAULIC_CAUSAL,107.755000,75.000000,1,75.000000,75.000000,11.972900,63.027100,178.153700,50.429070,0.006443,0.000000,0.000000,0.969605,-0.009087,0.000005,NO_EFFECTIVE_DELTA
8.527576,534.520200,1,0,1,1,0,0,1,1,NONE,NONE,3,LINEUP_HYDRAULIC_CAUSAL,107.713500,75.000000,1,75.000000,75.000000,12.013420,62.986580,178.986300,50.421260,0.006492,0.000000,0.000000,0.832581,-0.007801,0.000048,NO_EFFECTIVE_DELTA
8.530354,535.355400,1,0,1,1,0,0,1,1,NONE,NONE,3,LINEUP_HYDRAULIC_CAUSAL,107.672100,75.000000,1,75.000000,75.000000,12.053920,62.946080,179.820200,50.413460,0.006540,0.000000,0.000000,0.833862,-0.007805,0.000048,NO_EFFECTIVE_DELTA
8.533133,536.261600,1,0,1,1,0,0,1,1,NONE,NONE,3,LINEUP_HYDRAULIC_CAUSAL,107.630700,75.000000,1,75.000000,75.000000,12.094400,62.905600,180.655400,50.405650,0.006589,0.000000,0.000000,0.835205,-0.007813,0.000049,NO_EFFECTIVE_DELTA
8.535911,537.099500,1,0,1,1,0,0,1,1,NONE,NONE,3,LINEUP_HYDRAULIC_CAUSAL,107.591000,75.000000,1,75.000000,75.000000,12.133240,62.866760,181.561600,50.397180,0.006616,0.000000,0.000000,0.906189,-0.008469,0.000027,NO_EFFECTIVE_DELTA
8.538689,538.008700,1,0,1,1,0,0,1,1,NONE,NONE,3,LINEUP_HYDRAULIC_CAUSAL,107.549700,75.000000,1,75.000000,75.000000,12.173670,62.826340,182.399500,50.389350,0.006665,0.000000,0.000000,0.837891,-0.007828,0.000049,NO_EFFECTIVE_DELTA
8.541467,538.849300,1,0,1,1,0,0,1,1,NONE,NONE,3,LINEUP_HYDRAULIC_CAUSAL,107.510000,75.000000,1,75.000000,75.000000,12.212450,62.787550,183.308700,50.380870,0.006693,0.000000,0.000000,0.909180,-0.008484,0.000028,NO_EFFECTIVE_DELTA
8.544245,539.761400,1,0,1,1,0,0,1,1,NONE,NONE,3,LINEUP_HYDRAULIC_CAUSAL,107.468700,75.000000,1,75.000000,75.000000,12.252830,62.747170,184.149300,50.373030,0.006742,0.000000,0.000000,0.840637,-0.007839,0.000050,NO_EFFECTIVE_DELTA
8.547023,540.604700,1,0,1,1,0,0,1,1,NONE,NONE,3,LINEUP_HYDRAULIC_CAUSAL,107.429100,75.000000,1,75.000000,75.000000,12.291570,62.708430,185.061300,50.364530,0.006770,0.000000,0.000000,0.912048,-0.008499,0.000028,NO_EFFECTIVE_DELTA
8.549801,541.519800,1,0,1,1,0,0,1,1,NONE,NONE,3,LINEUP_HYDRAULIC_CAUSAL,107.387800,75.000000,1,75.000000,75.000000,12.331910,62.668090,185.904700,50.356670,0.006820,0.000000,0.000000,0.843384,-0.007854,0.000050,NO_EFFECTIVE_DELTA
8.552579,542.366000,1,0,1,1,0,0,1,1,NONE,NONE,3,LINEUP_HYDRAULIC_CAUSAL,107.348300,75.000000,1,75.000000,75.000000,12.370600,62.629400,186.819800,50.348160,0.006848,0.000000,0.000000,0.915100,-0.008514,0.000028,NO_EFFECTIVE_DELTA
8.555357,543.284000,1,0,1,1,0,0,1,1,NONE,NONE,3,LINEUP_HYDRAULIC_CAUSAL,107.307000,75.000000,1,75.000000,75.000000,12.410890,62.589110,187.666000,50.340300,0.006899,0.000000,0.000000,0.846130,-0.007862,0.000050,NO_EFFECTIVE_DELTA
8.558135,544.132900,1,0,1,1,0,0,1,1,NONE,NONE,3,LINEUP_HYDRAULIC_CAUSAL,107.267500,75.000000,1,75.000000,75.000000,12.449530,62.550470,188.584000,50.331770,0.006928,0.000000,0.000000,0.918030,-0.008530,0.000029,NO_EFFECTIVE_DELTA
8.560913,545.054000,1,0,1,1,0,0,1,1,NONE,NONE,3,LINEUP_HYDRAULIC_CAUSAL,107.226400,75.000000,1,75.000000,75.000000,12.489750,62.510250,189.432900,50.323890,0.006978,0.000000,0.000000,0.848877,-0.007881,0.000051,NO_EFFECTIVE_DELTA
8.563691,545.905600,1,0,1,1,0,0,1,1,NONE,NONE,3,LINEUP_HYDRAULIC_CAUSAL,107.186900,75.000000,1,75.000000,75.000000,12.528350,62.471650,190.353900,50.315340,0.007007,0.000000,0.000000,0.921082,-0.008545,0.000029,NO_EFFECTIVE_DELTA
8.566469,546.829700,1,0,1,1,0,0,1,1,NONE,NONE,3,LINEUP_HYDRAULIC_CAUSAL,107.145800,75.000000,1,75.000000,75.000000,12.568540,62.431460,191.205600,50.307450,0.007059,0.000000,0.000000,0.851624,-0.007893,0.000051,NO_EFFECTIVE_DELTA
8.569247,547.684100,1,0,1,1,0,0,1,1,NONE,NONE,3,LINEUP_HYDRAULIC_CAUSAL,107.106400,75.000000,1,75.000000,75.000000,12.607090,62.392910,192.129600,50.298890,0.007088,0.000000,0.000000,0.924072,-0.008556,0.000030,NO_EFFECTIVE_DELTA
8.572025,548.611100,1,0,1,1,0,0,1,1,NONE,NONE,3,LINEUP_HYDRAULIC_CAUSAL,107.065300,75.000000,1,75.000000,75.000000,12.647230,62.352770,192.984100,50.290990,0.007140,0.000000,0.000000,0.854431,-0.007908,0.000052,NO_EFFECTIVE_DELTA
8.574803,549.468300,1,0,1,1,0,0,1,1,NONE,NONE,3,LINEUP_HYDRAULIC_CAUSAL,107.025900,75.000000,1,75.000000,75.000000,12.685740,62.314250,193.911100,50.282410,0.007170,0.000000,0.000000,0.927002,-0.008575,0.000030,NO_EFFECTIVE_DELTA
8.577581,550.398300,1,0,1,1,0,0,1,1,NONE,NONE,3,LINEUP_HYDRAULIC_CAUSAL,106.984900,75.000000,1,75.000000,75.000000,12.725840,62.274160,194.768200,50.274490,0.007222,0.000000,0.000000,0.857178,-0.007923,0.000052,NO_EFFECTIVE_DELTA
8.580359,551.258300,1,0,1,1,0,0,1,1,NONE,NONE,3,LINEUP_HYDRAULIC_CAUSAL,106.945600,75.000000,1,75.000000,75.000000,12.764300,62.235700,195.698300,50.265900,0.007252,0.000000,0.000000,0.930054,-0.008587,0.000030,NO_EFFECTIVE_DELTA
8.583138,552.191400,1,0,1,1,0,0,1,1,NONE,NONE,3,LINEUP_HYDRAULIC_CAUSAL,106.904600,75.000000,1,75.000000,75.000000,12.804350,62.195660,196.558300,50.257970,0.007305,0.000000,0.000000,0.859985,-0.007931,0.000052,NO_EFFECTIVE_DELTA
8.585916,553.054200,1,0,1,1,0,0,1,1,NONE,NONE,3,LINEUP_HYDRAULIC_CAUSAL,106.865400,75.000000,1,75.000000,75.000000,12.842750,62.157250,197.491400,50.249360,0.007335,0.000000,0.000000,0.933106,-0.008606,0.000031,NO_EFFECTIVE_DELTA
8.588694,553.990400,1,0,1,1,0,0,1,1,NONE,NONE,3,LINEUP_HYDRAULIC_CAUSAL,106.824500,75.000000,1,75.000000,75.000000,12.882750,62.117250,198.354200,50.241410,0.007388,0.000000,0.000000,0.862793,-0.007950,0.000053,NO_EFFECTIVE_DELTA
8.591472,554.856000,1,0,1,1,0,0,1,1,NONE,NONE,3,LINEUP_HYDRAULIC_CAUSAL,106.785200,75.000000,1,75.000000,75.000000,12.921110,62.078890,199.290300,50.232800,0.007419,0.000000,0.000000,0.936157,-0.008617,0.000031,NO_EFFECTIVE_DELTA
8.594250,555.795200,1,0,1,1,0,0,1,1,NONE,NONE,3,LINEUP_HYDRAULIC_CAUSAL,106.744400,75.000000,1,75.000000,75.000000,12.961060,62.038940,200.155900,50.224830,0.007472,0.000000,0.000000,0.865601,-0.007961,0.000053,NO_EFFECTIVE_DELTA
8.597028,556.663600,1,0,1,1,0,0,1,1,NONE,NONE,3,LINEUP_HYDRAULIC_CAUSAL,106.705200,75.000000,1,75.000000,75.000000,12.999380,62.000630,201.095200,50.216200,0.007504,0.000000,0.000000,0.939209,-0.008633,0.000031,NO_EFFECTIVE_DELTA
8.599806,557.605800,1,0,1,1,0,0,1,1,NONE,NONE,3,LINEUP_HYDRAULIC_CAUSAL,106.664400,75.000000,1,75.000000,75.000000,13.039280,61.960720,201.963600,50.208230,0.007558,0.000000,0.000000,0.868408,-0.007977,0.000054,NO_EFFECTIVE_DELTA
8.602584,558.477100,1,0,1,1,0,0,1,1,NONE,NONE,3,LINEUP_HYDRAULIC_CAUSAL,106.625200,75.000000,1,75.000000,75.000000,13.077550,61.922450,202.905800,50.199580,0.007590,0.000000,0.000000,0.942261,-0.008648,0.000032,NO_EFFECTIVE_DELTA
8.605362,559.422400,1,0,1,1,0,0,1,1,NONE,NONE,3,LINEUP_HYDRAULIC_CAUSAL,106.584500,75.000000,1,75.000000,75.000000,13.117410,61.882580,203.777000,50.191590,0.007644,0.000000,0.000000,0.871216,-0.007988,0.000054,NO_EFFECTIVE_DELTA
8.608140,560.296500,1,0,1,1,0,0,1,1,NONE,NONE,3,LINEUP_HYDRAULIC_CAUSAL,106.545400,75.000000,1,75.000000,75.000000,13.155630,61.844370,204.722400,50.182920,0.007676,0.000000,0.000000,0.945374,-0.008667,0.000032,NO_EFFECTIVE_DELTA
8.610918,561.317900,1,0,1,1,0,0,1,1,NONE,NONE,3,LINEUP_HYDRAULIC_CAUSAL,106.504700,75.000000,1,75.000000,75.000000,13.195450,61.804550,205.596500,50.174920,0.007731,0.000000,0.000000,0.874085,-0.008003,0.000055,NO_EFFECTIVE_DELTA
8.613696,562.194900,1,0,1,1,0,0,1,1,NONE,NONE,3,LINEUP_HYDRAULIC_CAUSAL,106.467300,75.000000,1,75.000000,75.000000,13.232010,61.767990,206.617900,50.165570,0.007741,0.000000,0.000000,1.021362,-0.009346,0.000011,NO_EFFECTIVE_DELTA
8.616474,563.073400,1,0,1,1,0,0,1,1,NONE,NONE,3,LINEUP_HYDRAULIC_CAUSAL,106.426600,75.000000,1,75.000000,75.000000,13.271780,61.728220,207.494900,50.157550,0.007797,0.000000,0.000000,0.877075,-0.008018,0.000055,NO_EFFECTIVE_DELTA
8.619252,563.953200,1,0,1,1,0,0,1,1,NONE,NONE,3,LINEUP_HYDRAULIC_CAUSAL,106.385900,75.000000,1,75.000000,75.000000,13.311530,61.688470,208.373400,50.149530,0.007852,0.000000,0.000000,0.878418,-0.008026,0.000055,NO_EFFECTIVE_DELTA
8.622030,564.981200,1,0,1,1,0,0,1,1,NONE,NONE,3,LINEUP_HYDRAULIC_CAUSAL,106.345300,75.000000,1,75.000000,75.000000,13.351250,61.648750,209.253200,50.141490,0.007907,0.000000,0.000000,0.879822,-0.008034,0.000055,NO_EFFECTIVE_DELTA
8.624808,565.864000,1,0,1,1,0,0,1,1,NONE,NONE,3,LINEUP_HYDRAULIC_CAUSAL,106.308000,75.000000,1,75.000000,75.000000,13.387720,61.612280,210.281200,50.132120,0.007919,0.000000,0.000000,1.028015,-0.009377,0.000011,NO_EFFECTIVE_DELTA
8.627586,566.748200,1,0,1,1,0,0,1,1,NONE,NONE,3,LINEUP_HYDRAULIC_CAUSAL,106.267400,75.000000,1,75.000000,75.000000,13.427400,61.572600,211.164000,50.124080,0.007975,0.000000,0.000000,0.882813,-0.008041,0.000056,NO_EFFECTIVE_DELTA
8.630364,567.707500,1,0,1,1,0,0,1,1,NONE,NONE,3,LINEUP_HYDRAULIC_CAUSAL,106.226900,75.000000,1,75.000000,75.000000,13.467060,61.532940,212.048200,50.116020,0.008031,0.000000,0.000000,0.884155,-0.008057,0.000056,NO_EFFECTIVE_DELTA
8.633142,568.594500,1,0,1,1,0,0,1,1,NONE,NONE,3,LINEUP_HYDRAULIC_CAUSAL,106.188000,75.000000,1,75.000000,75.000000,13.505070,61.494930,213.007400,50.107290,0.008065,0.000000,0.000000,0.959290,-0.008732,0.000034,NO_EFFECTIVE_DELTA
8.635921,569.556900,1,0,1,1,0,0,1,1,NONE,NONE,3,LINEUP_HYDRAULIC_CAUSAL,106.147500,75.000000,1,75.000000,75.000000,13.544680,61.455320,213.894500,50.099220,0.008122,0.000000,0.000000,0.887024,-0.008064,0.000057,NO_EFFECTIVE_DELTA
8.638699,570.446900,1,0,1,1,0,0,1,1,NONE,NONE,3,LINEUP_HYDRAULIC_CAUSAL,106.108700,75.000000,1,75.000000,75.000000,13.582650,61.417350,214.856900,50.090480,0.008156,0.000000,0.000000,0.962463,-0.008743,0.000035,NO_EFFECTIVE_DELTA
8.641477,571.486800,1,0,1,1,0,0,1,1,NONE,NONE,3,LINEUP_HYDRAULIC_CAUSAL,106.068200,75.000000,1,75.000000,75.000000,13.622200,61.377800,215.746900,50.082390,0.008213,0.000000,0.000000,0.889954,-0.008087,0.000057,NO_EFFECTIVE_DELTA
8.644255,572.379800,1,0,1,1,0,0,1,1,NONE,NONE,3,LINEUP_HYDRAULIC_CAUSAL,106.031100,75.000000,1,75.000000,75.000000,13.658490,61.341510,216.786800,50.072960,0.008226,0.000000,0.000000,1.039917,-0.009434,0.000013,NO_EFFECTIVE_DELTA
8.647033,573.274000,1,0,1,1,0,0,1,1,NONE,NONE,3,LINEUP_HYDRAULIC_CAUSAL,105.990700,75.000000,1,75.000000,75.000000,13.698020,61.301980,217.679700,50.064870,0.008283,0.000000,0.000000,0.892944,-0.008095,0.000058,NO_EFFECTIVE_DELTA
8.649811,574.244400,1,0,1,1,0,0,1,1,NONE,NONE,3,LINEUP_HYDRAULIC_CAUSAL,105.950300,75.000000,1,75.000000,75.000000,13.737520,61.262480,218.574000,50.056760,0.008341,0.000000,0.000000,0.894287,-0.008102,0.000058,NO_EFFECTIVE_DELTA
8.652589,575.141700,1,0,1,1,0,0,1,1,NONE,NONE,3,LINEUP_HYDRAULIC_CAUSAL,105.911600,75.000000,1,75.000000,75.000000,13.775370,61.224630,219.544400,50.047980,0.008377,0.000000,0.000000,0.970398,-0.008785,0.000036,NO_EFFECTIVE_DELTA
8.655367,576.115300,1,0,1,1,0,0,1,1,NONE,NONE,3,LINEUP_HYDRAULIC_CAUSAL,105.871200,75.000000,1,75.000000,75.000000,13.814810,61.185190,220.441700,50.039860,0.008435,0.000000,0.000000,0.897278,-0.008118,0.000058,NO_EFFECTIVE_DELTA
8.658145,577.015500,1,0,1,1,0,0,1,1,NONE,NONE,3,LINEUP_HYDRAULIC_CAUSAL,105.832600,75.000000,1,75.000000,75.000000,13.852610,61.147390,221.415300,50.031060,0.008471,0.000000,0.000000,0.973572,-0.008801,0.000036,NO_EFFECTIVE_DELTA
8.660923,578.067400,1,0,1,1,0,0,1,1,NONE,NONE,3,LINEUP_HYDRAULIC_CAUSAL,105.792300,75.000000,1,75.000000,75.000000,13.892020,61.107980,222.315500,50.022930,0.008530,0.000000,0.000000,0.900208,-0.008129,0.000059,NO_EFFECTIVE_DELTA
8.663701,578.970600,1,0,1,1,0,0,1,1,NONE,NONE,3,LINEUP_HYDRAULIC_CAUSAL,105.755300,75.000000,1,75.000000,75.000000,13.928160,61.071840,223.367400,50.013440,0.008544,0.000000,0.000000,1.051880,-0.009495,0.000014,NO_EFFECTIVE_DELTA
8.666479,579.875200,1,0,1,1,0,0,1,1,NONE,NONE,3,LINEUP_HYDRAULIC_CAUSAL,105.715000,75.000000,1,75.000000,75.000000,13.967520,61.032490,224.270600,50.005290,0.008603,0.000000,0.000000,0.903198,-0.008148,0.000059,NO_EFFECTIVE_DELTA
8.669257,580.856800,1,0,1,1,0,0,1,1,NONE,NONE,3,LINEUP_HYDRAULIC_CAUSAL,105.674800,75.000000,1,75.000000,75.000000,14.006850,60.993150,225.175200,49.997140,0.008662,0.000000,0.000000,0.904663,-0.008148,0.000059,NO_EFFECTIVE_DELTA
8.672035,581.764300,1,0,1,1,0,0,1,1,NONE,NONE,3,LINEUP_HYDRAULIC_CAUSAL,105.636300,75.000000,1,75.000000,75.000000,14.044550,60.955450,226.156700,49.988300,0.008700,0.000000,0.000000,0.981506,-0.008842,0.000037,NO_EFFECTIVE_DELTA
8.674813,582.824800,1,0,1,1,0,0,1,1,NONE,NONE,3,LINEUP_HYDRAULIC_CAUSAL,105.596100,75.000000,1,75.000000,75.000000,14.083840,60.916160,227.064300,49.980130,0.008760,0.000000,0.000000,0.907593,-0.008163,0.000060,NO_EFFECTIVE_DELTA
8.677591,583.735500,1,0,1,1,0,0,1,1,NONE,NONE,3,LINEUP_HYDRAULIC_CAUSAL,105.559200,75.000000,1,75.000000,75.000000,14.119870,60.880130,228.124800,49.970600,0.008775,0.000000,0.000000,1.060486,-0.009537,0.000015,NO_EFFECTIVE_DELTA
8.680369,584.647600,1,0,1,1,0,0,1,1,NONE,NONE,3,LINEUP_HYDRAULIC_CAUSAL,105.519100,75.000000,1,75.000000,75.000000,14.159120,60.840890,229.035500,49.962420,0.008835,0.000000,0.000000,0.910645,-0.008179,0.000060,NO_EFFECTIVE_DELTA
8.683147,585.561100,1,0,1,1,0,0,1,1,NONE,NONE,3,LINEUP_HYDRAULIC_CAUSAL,105.479000,75.000000,1,75.000000,75.000000,14.198330,60.801670,229.947600,49.954230,0.008895,0.000000,0.000000,0.912109,-0.008190,0.000060,NO_EFFECTIVE_DELTA
8.685925,586.628500,1,0,1,1,0,0,1,1,NONE,NONE,3,LINEUP_HYDRAULIC_CAUSAL,105.438900,75.000000,1,75.000000,75.000000,14.237520,60.762480,230.861100,49.946030,0.008956,0.000000,0.000000,0.913513,-0.008194,0.000061,NO_EFFECTIVE_DELTA
8.688704,587.545200,1,0,1,1,0,0,1,1,NONE,NONE,3,LINEUP_HYDRAULIC_CAUSAL,105.402200,75.000000,1,75.000000,75.000000,14.273450,60.726550,231.928500,49.936470,0.008972,0.000000,0.000000,1.067444,-0.009567,0.000016,NO_EFFECTIVE_DELTA
8.691482,588.463300,1,0,1,1,0,0,1,1,NONE,NONE,3,LINEUP_HYDRAULIC_CAUSAL,105.362100,75.000000,1,75.000000,75.000000,14.312600,60.687400,232.845200,49.928260,0.009033,0.000000,0.000000,0.916626,-0.008209,0.000061,NO_EFFECTIVE_DELTA
8.694260,589.535900,1,0,1,1,0,0,1,1,NONE,NONE,3,LINEUP_HYDRAULIC_CAUSAL,105.322100,75.000000,1,75.000000,75.000000,14.351720,60.648280,233.763200,49.920040,0.009095,0.000000,0.000000,0.918091,-0.008217,0.000061,NO_EFFECTIVE_DELTA
8.697038,590.457100,1,0,1,1,0,0,1,1,NONE,NONE,3,LINEUP_HYDRAULIC_CAUSAL,105.285400,75.000000,1,75.000000,75.000000,14.387590,60.612400,234.835900,49.910450,0.009111,0.000000,0.000000,1.072693,-0.009594,0.000016,NO_EFFECTIVE_DELTA
8.699816,591.379600,1,0,1,1,0,0,1,1,NONE,NONE,3,LINEUP_HYDRAULIC_CAUSAL,105.245500,75.000000,1,75.000000,75.000000,14.426670,60.573330,235.757100,49.902210,0.009173,0.000000,0.000000,0.921143,-0.008232,0.000062,NO_EFFECTIVE_DELTA
8.702594,592.457700,1,0,1,1,0,0,1,1,NONE,NONE,3,LINEUP_HYDRAULIC_CAUSAL,105.205500,75.000000,1,75.000000,75.000000,14.465730,60.534270,236.679600,49.893980,0.009235,0.000000,0.000000,0.922546,-0.008236,0.000062,NO_EFFECTIVE_DELTA
8.705372,593.383400,1,0,1,1,0,0,1,1,NONE,NONE,3,LINEUP_HYDRAULIC_CAUSAL,105.168900,75.000000,1,75.000000,75.000000,14.501520,60.498480,237.757700,49.884360,0.009252,0.000000,0.000000,1.078064,-0.009621,0.000017,NO_EFFECTIVE_DELTA
8.708150,594.310500,1,0,1,1,0,0,1,1,NONE,NONE,2,LINEUP_HYDRAULIC_CAUSAL,105.129000,75.000000,1,75.000000,75.000000,14.540530,60.459470,238.683400,49.876100,0.009315,0.000000,0.000000,0.925720,-0.008255,0.000063,NO_EFFECTIVE_DELTA
8.710928,595.316500,1,0,1,1,0,0,1,1,NONE,NONE,2,LINEUP_HYDRAULIC_CAUSAL,105.089100,75.000000,1,75.000000,75.000000,14.579530,60.420470,239.610500,49.867840,0.009378,0.000000,0.000000,0.927124,-0.008259,0.000063,NO_EFFECTIVE_DELTA
8.713706,596.246700,1,0,1,1,0,0,1,1,NONE,NONE,2,LINEUP_HYDRAULIC_CAUSAL,105.050900,75.000000,1,75.000000,75.000000,14.616890,60.383110,240.616500,49.858890,0.009418,0.000000,0.000000,1.005981,-0.008953,0.000040,NO_EFFECTIVE_DELTA
8.716484,597.333600,1,0,1,1,0,0,1,1,NONE,NONE,2,LINEUP_HYDRAULIC_CAUSAL,105.011100,75.000000,1,75.000000,75.000000,14.655830,60.344170,241.546700,49.850610,0.009482,0.000000,0.000000,0.930176,-0.008278,0.000063,NO_EFFECTIVE_DELTA
8.719262,598.267000,1,0,1,1,0,0,1,1,NONE,NONE,2,LINEUP_HYDRAULIC_CAUSAL,104.974600,75.000000,1,75.000000,75.000000,14.691520,60.308480,242.633600,49.840950,0.009500,0.000000,0.000000,1.086914,-0.009659,0.000018,NO_EFFECTIVE_DELTA
8.722040,599.201800,1,0,1,1,0,0,1,1,NONE,NONE,2,LINEUP_HYDRAULIC_CAUSAL,104.934800,75.000000,1,75.000000,75.000000,14.730420,60.269580,243.567000,49.832660,0.009564,0.000000,0.000000,0.933350,-0.008289,0.000064,NO_EFFECTIVE_DELTA
8.724818,600.216100,1,0,1,1,0,0,1,1,NONE,NONE,2,LINEUP_HYDRAULIC_CAUSAL,104.895000,75.000000,1,75.000000,75.000000,14.769290,60.230710,244.501800,49.824370,0.009628,0.000000,0.000000,0.934815,-0.008297,0.000064,NO_EFFECTIVE_DELTA
8.727596,601.153900,1,0,1,1,0,0,1,1,NONE,NONE,2,LINEUP_HYDRAULIC_CAUSAL,104.857000,75.000000,1,75.000000,75.000000,14.806530,60.193470,245.516100,49.815370,0.009669,0.000000,0.000000,1.014282,-0.008995,0.000042,NO_EFFECTIVE_DELTA
8.730374,602.249800,1,0,1,1,0,0,1,1,NONE,NONE,2,LINEUP_HYDRAULIC_CAUSAL,104.817100,75.000000,1,75.000000,75.000000,14.845470,60.154530,246.453900,49.807060,0.009736,0.000000,0.000000,0.937866,-0.008308,0.000067,NO_EFFECTIVE_DELTA
8.733152,603.190800,1,0,1,1,0,0,1,1,NONE,NONE,2,LINEUP_HYDRAULIC_CAUSAL,104.780700,75.000000,1,75.000000,75.000000,14.881110,60.118890,247.549700,49.797360,0.009757,0.000000,0.000000,1.095825,-0.009708,0.000021,NO_EFFECTIVE_DELTA
8.735930,604.211900,1,0,1,1,0,0,1,1,NONE,NONE,2,LINEUP_HYDRAULIC_CAUSAL,104.740900,75.000000,1,75.000000,75.000000,14.919990,60.080010,248.490800,49.789030,0.009824,0.000000,0.000000,0.941040,-0.008327,0.000067,NO_EFFECTIVE_DELTA
8.738708,605.155900,1,0,1,1,0,0,1,1,NONE,NONE,2,LINEUP_HYDRAULIC_CAUSAL,104.702800,75.000000,1,75.000000,75.000000,14.957230,60.042770,249.511800,49.780010,0.009869,0.000000,0.000000,1.021057,-0.009022,0.000044,NO_EFFECTIVE_DELTA
8.741487,606.259100,1,0,1,1,0,0,1,1,NONE,NONE,2,LINEUP_HYDRAULIC_CAUSAL,104.663100,75.000000,1,75.000000,75.000000,14.996070,60.003930,250.455900,49.771660,0.009936,0.000000,0.000000,0.944092,-0.008343,0.000068,NO_EFFECTIVE_DELTA
8.744265,607.206400,1,0,1,1,0,0,1,1,NONE,NONE,2,LINEUP_HYDRAULIC_CAUSAL,104.626700,75.000000,1,75.000000,75.000000,15.031640,59.968360,251.559100,49.761920,0.009958,0.000000,0.000000,1.103149,-0.009739,0.000022,NO_EFFECTIVE_DELTA
8.747043,608.155200,1,0,1,1,0,0,1,1,NONE,NONE,2,LINEUP_HYDRAULIC_CAUSAL,104.587100,75.000000,1,75.000000,75.000000,15.070420,59.929580,252.506400,49.753570,0.010026,0.000000,0.000000,0.947327,-0.008358,0.000068,NO_EFFECTIVE_DELTA
8.749821,609.263700,1,0,1,1,0,0,1,1,NONE,NONE,2,LINEUP_HYDRAULIC_CAUSAL,104.547400,75.000000,1,75.000000,75.000000,15.109190,59.890810,253.455100,49.745200,0.010094,0.000000,0.000000,0.948731,-0.008362,0.000068,NO_EFFECTIVE_DELTA
8.752599,610.215700,1,0,1,1,0,0,1,1,NONE,NONE,2,LINEUP_HYDRAULIC_CAUSAL,104.511100,75.000000,1,75.000000,75.000000,15.144690,59.855310,254.563700,49.735440,0.010117,0.000000,0.000000,1.108582,-0.009762,0.000023,NO_EFFECTIVE_DELTA
8.755377,611.248700,1,0,1,1,0,0,1,1,NONE,NONE,2,LINEUP_HYDRAULIC_CAUSAL,104.471500,75.000000,1,75.000000,75.000000,15.183420,59.816580,255.515700,49.727070,0.010186,0.000000,0.000000,0.951965,-0.008377,0.000069,NO_EFFECTIVE_DELTA
8.758155,612.203700,1,0,1,1,0,0,1,1,NONE,NONE,2,LINEUP_HYDRAULIC_CAUSAL,104.433600,75.000000,1,75.000000,75.000000,15.220500,59.779500,256.548600,49.717980,0.010232,0.000000,0.000000,1.032959,-0.009083,0.000046,NO_EFFECTIVE_DELTA
8.760933,613.319700,1,0,1,1,0,0,1,1,NONE,NONE,2,LINEUP_HYDRAULIC_CAUSAL,104.394000,75.000000,1,75.000000,75.000000,15.259180,59.740830,257.503700,49.709590,0.010301,0.000000,0.000000,0.955078,-0.008392,0.000069,NO_EFFECTIVE_DELTA
8.763711,614.278100,1,0,1,1,0,0,1,1,NONE,NONE,2,LINEUP_HYDRAULIC_CAUSAL,104.357800,75.000000,1,75.000000,75.000000,15.294600,59.705410,258.619700,49.699790,0.010325,0.000000,0.000000,1.115967,-0.009800,0.000024,NO_EFFECTIVE_DELTA
8.766489,615.317900,1,0,1,1,0,0,1,1,NONE,NONE,2,LINEUP_HYDRAULIC_CAUSAL,104.318300,75.000000,1,75.000000,75.000000,15.333230,59.666770,259.578100,49.691380,0.010395,0.000000,0.000000,0.958374,-0.008408,0.000070,NO_EFFECTIVE_DELTA
8.769267,616.279300,1,0,1,1,0,0,1,1,NONE,NONE,2,LINEUP_HYDRAULIC_CAUSAL,104.280400,75.000000,1,75.000000,75.000000,15.370230,59.629770,260.617900,49.682270,0.010442,0.000000,0.000000,1.039795,-0.009113,0.000047,NO_EFFECTIVE_DELTA
8.772045,617.402700,1,0,1,1,0,0,1,1,NONE,NONE,2,LINEUP_HYDRAULIC_CAUSAL,104.241000,75.000000,1,75.000000,75.000000,15.408810,59.591190,261.579300,49.673840,0.010512,0.000000,0.000000,0.961426,-0.008427,0.000070,NO_EFFECTIVE_DELTA
8.774823,618.367400,1,0,1,1,0,0,1,1,NONE,NONE,2,LINEUP_HYDRAULIC_CAUSAL,104.204800,75.000000,1,75.000000,75.000000,15.444150,59.555850,262.702700,49.664020,0.010537,0.000000,0.000000,1.123413,-0.009827,0.000025,NO_EFFECTIVE_DELTA
8.777601,619.414100,1,0,1,1,0,0,1,1,NONE,NONE,2,LINEUP_HYDRAULIC_CAUSAL,104.165400,75.000000,1,75.000000,75.000000,15.482700,59.517300,263.667400,49.655570,0.010607,0.000000,0.000000,0.964722,-0.008442,0.000071,NO_EFFECTIVE_DELTA
8.780379,620.382000,1,0,1,1,0,0,1,1,NONE,NONE,2,LINEUP_HYDRAULIC_CAUSAL,104.127700,75.000000,1,75.000000,75.000000,15.519600,59.480400,264.714100,49.646430,0.010656,0.000000,0.000000,1.046692,-0.009148,0.000048,NO_EFFECTIVE_DELTA
8.783157,621.512900,1,0,1,1,0,0,1,1,NONE,NONE,2,LINEUP_HYDRAULIC_CAUSAL,104.088300,75.000000,1,75.000000,75.000000,15.558110,59.441890,265.681900,49.637970,0.010727,0.000000,0.000000,0.967835,-0.008453,0.000071,NO_EFFECTIVE_DELTA
8.785935,622.484000,1,0,1,1,0,0,1,1,NONE,NONE,2,LINEUP_HYDRAULIC_CAUSAL,104.052300,75.000000,1,75.000000,75.000000,15.593360,59.406650,266.812900,49.628110,0.010752,0.000000,0.000000,1.130920,-0.009865,0.000025,NO_EFFECTIVE_DELTA
8.788713,623.537700,1,0,1,1,0,0,1,1,NONE,NONE,2,LINEUP_HYDRAULIC_CAUSAL,104.012900,75.000000,1,75.000000,75.000000,15.631810,59.368190,267.784000,49.619640,0.010824,0.000000,0.000000,0.971130,-0.008472,0.000072,NO_EFFECTIVE_DELTA
8.791492,624.512000,1,0,1,1,0,0,1,1,NONE,NONE,2,LINEUP_HYDRAULIC_CAUSAL,103.975300,75.000000,1,75.000000,75.000000,15.668630,59.331380,268.837700,49.610460,0.010873,0.000000,0.000000,1.053711,-0.009178,0.000049,NO_EFFECTIVE_DELTA
8.794270,625.650400,1,0,1,1,0,0,1,1,NONE,NONE,2,LINEUP_HYDRAULIC_CAUSAL,103.936000,75.000000,1,75.000000,75.000000,15.707040,59.292960,269.812000,49.601970,0.010945,0.000000,0.000000,0.974243,-0.008484,0.000072,NO_EFFECTIVE_DELTA
8.797048,626.628000,1,0,1,1,0,0,1,1,NONE,NONE,2,LINEUP_HYDRAULIC_CAUSAL,103.900000,75.000000,1,75.000000,75.000000,15.742190,59.257810,270.950400,49.592070,0.010972,0.000000,0.000000,1.138428,-0.009903,0.000026,NO_EFFECTIVE_DELTA
8.799826,627.770300,1,0,1,1,0,0,1,1,NONE,NONE,2,LINEUP_HYDRAULIC_CAUSAL,103.860800,75.000000,1,75.000000,75.000000,15.780560,59.219440,271.928000,49.583580,0.011045,0.000000,0.000000,0.977600,-0.008495,0.000073,NO_EFFECTIVE_DELTA
8.802604,628.751200,1,0,1,1,0,0,1,1,NONE,NONE,2,LINEUP_HYDRAULIC_CAUSAL,103.824900,75.000000,1,75.000000,75.000000,15.815670,59.184330,273.070300,49.573650,0.011071,0.000000,0.000000,1.142273,-0.009922,0.000027,NO_EFFECTIVE_DELTA
8.805382,629.733600,1,0,1,1,0,0,1,1,NONE,NONE,2,LINEUP_HYDRAULIC_CAUSAL,103.785700,75.000000,1,75.000000,75.000000,15.854000,59.146000,274.051100,49.565140,0.011145,0.000000,0.000000,0.980896,-0.008514,0.000073,NO_EFFECTIVE_DELTA
8.808160,630.881500,1,0,1,1,0,0,1,1,NONE,NONE,2,LINEUP_HYDRAULIC_CAUSAL,103.746500,75.000000,1,75.000000,75.000000,15.892310,59.107700,275.033600,49.556620,0.011219,0.000000,0.000000,0.982422,-0.008522,0.000074,NO_EFFECTIVE_DELTA
8.810938,631.867300,1,0,1,1,0,0,1,1,NONE,NONE,2,LINEUP_HYDRAULIC_CAUSAL,103.710700,75.000000,1,75.000000,75.000000,15.927350,59.072650,276.181500,49.546670,0.011246,0.000000,0.000000,1.147949,-0.009949,0.000027,NO_EFFECTIVE_DELTA
8.813716,632.854600,1,0,1,1,0,0,1,1,NONE,NONE,2,LINEUP_HYDRAULIC_CAUSAL,103.671500,75.000000,1,75.000000,75.000000,15.965620,59.034380,277.167300,49.538140,0.011320,0.000000,0.000000,0.985779,-0.008533,0.000074,NO_EFFECTIVE_DELTA
8.816494,634.008200,1,0,1,1,0,0,1,1,NONE,NONE,2,LINEUP_HYDRAULIC_CAUSAL,103.632400,75.000000,1,75.000000,75.000000,16.003860,58.996140,278.154600,49.529590,0.011395,0.000000,0.000000,0.987305,-0.008545,0.000075,NO_EFFECTIVE_DELTA
8.819272,634.998800,1,0,1,1,0,0,1,1,NONE,NONE,2,LINEUP_HYDRAULIC_CAUSAL,103.596600,75.000000,1,75.000000,75.000000,16.038840,58.961160,279.308200,49.519620,0.011423,0.000000,0.000000,1.153564,-0.009975,0.000028,NO_EFFECTIVE_DELTA
8.822050,636.156400,1,0,1,1,0,0,1,1,NONE,NONE,2,LINEUP_HYDRAULIC_CAUSAL,103.557600,75.000000,1,75.000000,75.000000,16.077040,58.922960,280.298800,49.511060,0.011498,0.000000,0.000000,0.990601,-0.008556,0.000075,NO_EFFECTIVE_DELTA
8.824828,637.150400,1,0,1,1,0,0,1,1,NONE,NONE,2,LINEUP_HYDRAULIC_CAUSAL,103.521800,75.000000,1,75.000000,75.000000,16.111980,58.888020,281.456400,49.501070,0.011527,0.000000,0.000000,1.157593,-0.009991,0.000029,NO_EFFECTIVE_DELTA
8.827606,638.145900,1,0,1,1,0,0,1,1,NONE,NONE,2,LINEUP_HYDRAULIC_CAUSAL,103.482800,75.000000,1,75.000000,75.000000,16.150140,58.849860,282.450400,49.492490,0.011602,0.000000,0.000000,0.994019,-0.008575,0.000076,NO_EFFECTIVE_DELTA
8.830384,639.309200,1,0,1,1,0,0,1,1,NONE,NONE,2,LINEUP_HYDRAULIC_CAUSAL,103.443800,75.000000,1,75.000000,75.000000,16.188270,58.811730,283.445900,49.483910,0.011678,0.000000,0.000000,0.995544,-0.008583,0.000076,NO_EFFECTIVE_DELTA
