time_hr,pzr_mass_lbm,pzr_total_enthalpy_btu,liquid_occupancy_pct,pressure_psia,pzr_temp_f,net_pzr_heat_mw,charging_gpm,letdown_gpm,surge_gpm,net_cvcs_gpm,startup_hold_active,spray_active,spray_flow_gpm,heater_power_mw,last_failure_reason
0.000000,110527.200000,10120390.000000,100.000000,114.700000,120.000000,0.000000,0.000000,0.000000,0.000000,0.000000,1,0,1.500000,0.000000,NONE
0.002778,110527.200000,10120390.000000,100.000000,114.664700,119.999800,0.000000,0.000000,0.000000,-0.002698,0.000000,1,0,0.000000,0.000000,NONE
0.005556,110527.200000,10120390.000000,100.000000,114.629500,119.999500,0.000000,0.000000,0.000000,-0.002698,0.000000,1,0,0.000000,0.000000,NONE
0.008333,110527.200000,10120390.000000,100.000000,114.594200,119.999300,0.000000,0.000000,0.000000,-0.002698,0.000000,1,0,0.000000,0.000000,NONE
0.011111,110527.200000,10120390.000000,100.000000,114.558900,119.999100,0.000000,0.000000,0.000000,-0.002698,0.000000,1,0,0.000000,0.000000,NONE
0.013889,110527.200000,10120390.000000,100.000000,114.523600,119.998800,0.000000,0.000000,0.000000,-0.002698,0.000000,1,0,0.000000,0.000000,NONE
0.016667,110527.200000,10120390.000000,100.000000,114.488400,119.998600,0.000000,0.000000,0.000000,-0.002698,0.000000,1,0,0.000000,0.000000,NONE
0.019444,110527.200000,10120390.000000,100.000000,114.453100,119.998300,0.000000,0.000000,0.000000,-0.002698,0.000000,1,0,0.000000,0.000000,NONE
0.022222,110527.200000,10120390.000000,100.000000,114.417800,119.998100,0.000000,0.000000,0.000000,-0.002698,0.000000,1,0,0.000000,0.000000,NONE
0.025000,110527.200000,10120390.000000,100.000000,114.382600,119.997900,0.000000,0.000000,0.000000,-0.002698,0.000000,1,0,0.000000,0.000000,NONE
0.027778,110527.200000,10120390.000000,100.000000,114.347300,119.997600,0.000000,0.000000,0.000000,-0.002698,0.000000,1,0,0.000000,0.000000,NONE
0.030556,110527.200000,10120390.000000,100.000000,114.312000,119.997400,0.000000,0.000000,0.000000,-0.002698,0.000000,1,0,0.000000,0.000000,NONE
0.033333,110527.200000,10120390.000000,100.000000,114.276700,119.997200,0.000000,0.000000,0.000000,-0.002698,0.000000,1,0,0.000000,0.000000,NONE
0.036111,110527.200000,10120390.000000,100.000000,114.241500,119.996900,0.000000,0.000000,0.000000,-0.002698,0.000000,1,0,0.000000,0.000000,NONE
0.038889,110527.200000,10120390.000000,100.000000,114.206200,119.996700,0.000000,0.000000,0.000000,-0.002698,0.000000,1,0,0.000000,0.000000,NONE
0.041667,110527.200000,10120390.000000,100.000000,114.170900,119.996500,0.000000,0.000000,0.000000,-0.002698,0.000000,1,0,0.000000,0.000000,NONE
0.044444,110527.200000,10120390.000000,100.000000,114.135700,119.996200,0.000000,0.000000,0.000000,-0.002698,0.000000,1,0,0.000000,0.000000,NONE
0.047222,110527.200000,10120390.000000,100.000000,114.100400,119.996000,0.000000,0.000000,0.000000,-0.002698,0.000000,1,0,0.000000,0.000000,NONE
0.050000,110527.200000,10120390.000000,100.000000,114.065100,119.995700,0.000000,0.000000,0.000000,-0.002698,0.000000,1,0,0.000000,0.000000,NONE
0.052778,110527.200000,10120390.000000,100.000000,114.029900,119.995500,0.000000,0.000000,0.000000,-0.002698,0.000000,1,0,0.000000,0.000000,NONE
0.055556,110527.200000,10120390.000000,100.000000,113.994600,119.995300,0.000000,0.000000,0.000000,-0.002698,0.000000,1,0,0.000000,0.000000,NONE
0.058333,110527.200000,10120390.000000,100.000000,113.959300,119.995000,0.000000,0.000000,0.000000,-0.002698,0.000000,1,0,0.000000,0.000000,NONE
0.061111,110527.200000,10120390.000000,100.000000,113.924000,119.994800,0.000000,0.000000,0.000000,-0.002698,0.000000,1,0,0.000000,0.000000,NONE
0.063889,110527.200000,10120390.000000,100.000000,113.888800,119.994600,0.000000,0.000000,0.000000,-0.002698,0.000000,1,0,0.000000,0.000000,NONE
0.066667,110527.200000,10120390.000000,100.000000,113.853500,119.994300,0.000000,0.000000,0.000000,-0.002698,0.000000,1,0,0.000000,0.000000,NONE
0.069444,110527.200000,10120390.000000,100.000000,113.818200,119.994100,0.000000,0.000000,0.000000,-0.002698,0.000000,1,0,0.000000,0.000000,NONE
0.072222,110527.200000,10120390.000000,100.000000,113.783000,119.993900,0.000000,0.000000,0.000000,-0.002698,0.000000,1,0,0.000000,0.000000,NONE
0.075000,110527.200000,10120390.000000,100.000000,113.747700,119.993600,0.000000,0.000000,0.000000,-0.002698,0.000000,1,0,0.000000,0.000000,NONE
0.077778,110527.200000,10120390.000000,100.000000,113.712400,119.993400,0.000000,0.000000,0.000000,-0.002698,0.000000,1,0,0.000000,0.000000,NONE
0.080556,110527.200000,10120390.000000,100.000000,113.677100,119.993100,0.000000,0.000000,0.000000,-0.002698,0.000000,1,0,0.000000,0.000000,NONE
0.083333,110527.200000,10120390.000000,100.000000,113.641900,119.992900,0.000000,0.000000,0.000000,-0.002698,0.000000,1,0,0.000000,0.000000,NONE
0.086111,110527.200000,10120390.000000,100.000000,113.606600,119.992700,0.000000,0.000000,0.000000,-0.002698,0.000000,1,0,0.000000,0.000000,NONE
0.088889,110527.200000,10120390.000000,100.000000,113.571400,119.992400,0.000000,0.000000,0.000000,-0.002698,0.000000,1,0,0.000000,0.000000,NONE
0.091667,110527.200000,10120390.000000,100.000000,113.536100,119.992200,0.000000,0.000000,0.000000,-0.002698,0.000000,1,0,0.000000,0.000000,NONE
0.094444,110527.200000,10120390.000000,100.000000,113.500800,119.992000,0.000000,0.000000,0.000000,-0.002698,0.000000,1,0,0.000000,0.000000,NONE
0.097222,110527.200000,10120390.000000,100.000000,113.465600,119.991700,0.000000,0.000000,0.000000,-0.002698,0.000000,1,0,0.000000,0.000000,NONE
0.100000,110527.200000,10120390.000000,100.000000,113.430300,119.991500,0.000000,0.000000,0.000000,-0.002698,0.000000,1,0,0.000000,0.000000,NONE
0.102778,110527.200000,10120390.000000,100.000000,113.395000,119.991200,0.000000,0.000000,0.000000,-0.002698,0.000000,1,0,0.000000,0.000000,NONE
0.105556,110527.200000,10120390.000000,100.000000,113.359800,119.991000,0.000000,0.000000,0.000000,-0.002698,0.000000,1,0,0.000000,0.000000,NONE
0.108333,110527.200000,10120390.000000,100.000000,113.324500,119.990800,0.000000,0.000000,0.000000,-0.002698,0.000000,1,0,0.000000,0.000000,NONE
0.111111,110527.200000,10120390.000000,100.000000,113.289200,119.990500,0.000000,0.000000,0.000000,-0.002698,0.000000,1,0,0.000000,0.000000,NONE
0.113889,110527.200000,10120390.000000,100.000000,113.254000,119.990300,0.000000,0.000000,0.000000,-0.002698,0.000000,1,0,0.000000,0.000000,NONE
0.116667,110527.200000,10120390.000000,100.000000,113.218700,119.990100,0.000000,0.000000,0.000000,-0.002698,0.000000,1,0,0.000000,0.000000,NONE
0.119444,110527.200000,10120390.000000,100.000000,113.183500,119.989800,0.000000,0.000000,0.000000,-0.002698,0.000000,1,0,0.000000,0.000000,NONE
0.122222,110527.200000,10120390.000000,100.000000,113.148200,119.989600,0.000000,0.000000,0.000000,-0.002698,0.000000,1,0,0.000000,0.000000,NONE
0.125000,110527.200000,10120390.000000,100.000000,113.112900,119.989400,0.000000,0.000000,0.000000,-0.002698,0.000000,1,0,0.000000,0.000000,NONE
0.127778,110527.200000,10120390.000000,100.000000,113.077700,119.989100,0.000000,0.000000,0.000000,-0.002698,0.000000,1,0,0.000000,0.000000,NONE
0.130556,110527.200000,10120390.000000,100.000000,113.042400,119.988900,0.000000,0.000000,0.000000,-0.002698,0.000000,1,0,0.000000,0.000000,NONE
0.133333,110527.200000,10120390.000000,100.000000,113.007100,119.988600,0.000000,0.000000,0.000000,-0.002698,0.000000,1,0,0.000000,0.000000,NONE
0.136111,110527.200000,10120390.000000,100.000000,112.971900,119.988400,0.000000,0.000000,0.000000,-0.002698,0.000000,1,0,0.000000,0.000000,NONE
0.138889,110527.200000,10120390.000000,100.000000,112.936600,119.988200,0.000000,0.000000,0.000000,-0.002698,0.000000,1,0,0.000000,0.000000,NONE
0.141667,110527.200000,10120390.000000,100.000000,112.901400,119.987900,0.000000,0.000000,0.000000,-0.002698,0.000000,1,0,0.000000,0.000000,NONE
0.144445,110527.200000,10120390.000000,100.000000,112.866100,119.987700,0.000000,0.000000,0.000000,-0.002698,0.000000,1,0,0.000000,0.000000,NONE
0.147222,110527.200000,10120390.000000,100.000000,112.830800,119.987500,0.000000,0.000000,0.000000,-0.002698,0.000000,1,0,0.000000,0.000000,NONE
0.150000,110527.200000,10120390.000000,100.000000,112.795600,119.987200,0.000000,0.000000,0.000000,-0.002698,0.000000,1,0,0.000000,0.000000,NONE
0.152778,110527.200000,10120390.000000,100.000000,112.760300,119.987000,0.000000,0.000000,0.000000,-0.002698,0.000000,1,0,0.000000,0.000000,NONE
0.155556,110527.200000,10120390.000000,100.000000,112.725000,119.986800,0.000000,0.000000,0.000000,-0.002698,0.000000,1,0,0.000000,0.000000,NONE
0.158333,110527.200000,10120390.000000,100.000000,112.689800,119.986500,0.000000,0.000000,0.000000,-0.002698,0.000000,1,0,0.000000,0.000000,NONE
0.161111,110527.200000,10120390.000000,100.000000,112.654500,119.986300,0.000000,0.000000,0.000000,-0.002698,0.000000,1,0,0.000000,0.000000,NONE
0.163889,110527.200000,10120390.000000,100.000000,112.619200,119.986000,0.000000,0.000000,0.000000,-0.002698,0.000000,1,0,0.000000,0.000000,NONE
0.166667,110527.200000,10120390.000000,100.000000,112.584000,119.985800,0.000000,0.000000,0.000000,-0.002698,0.000000,1,0,0.000000,0.000000,NONE
0.169445,110527.200000,10120390.000000,100.000000,112.548700,119.985600,0.000000,0.000000,0.000000,-0.002698,0.000000,1,0,0.000000,0.000000,NONE
0.172222,110527.200000,10120390.000000,100.000000,112.513500,119.985300,0.000000,0.000000,0.000000,-0.002698,0.000000,1,0,0.000000,0.000000,NONE
0.175000,110527.200000,10120390.000000,100.000000,112.478200,119.985100,0.000000,0.000000,0.000000,-0.002698,0.000000,1,0,0.000000,0.000000,NONE
0.177778,110527.200000,10120390.000000,100.000000,112.442900,119.984900,0.000000,0.000000,0.000000,-0.002698,0.000000,1,0,0.000000,0.000000,NONE
0.180556,110527.200000,10120390.000000,100.000000,112.407700,119.984600,0.000000,0.000000,0.000000,-0.002698,0.000000,1,0,0.000000,0.000000,NONE
0.183334,110527.200000,10120390.000000,100.000000,112.372400,119.984400,0.000000,0.000000,0.000000,-0.002698,0.000000,1,0,0.000000,0.000000,NONE
0.186111,110527.200000,10120390.000000,100.000000,112.337100,119.984200,0.000000,0.000000,0.000000,-0.002698,0.000000,1,0,0.000000,0.000000,NONE
0.188889,110527.200000,10120390.000000,100.000000,112.301900,119.983900,0.000000,0.000000,0.000000,-0.002698,0.000000,1,0,0.000000,0.000000,NONE
0.191667,110527.200000,10120390.000000,100.000000,112.266600,119.983700,0.000000,0.000000,0.000000,-0.002698,0.000000,1,0,0.000000,0.000000,NONE
0.194445,110527.200000,10120390.000000,100.000000,112.231400,119.983400,0.000000,0.000000,0.000000,-0.002698,0.000000,1,0,0.000000,0.000000,NONE
0.197222,110527.200000,10120390.000000,100.000000,112.196100,119.983200,0.000000,0.000000,0.000000,-0.002698,0.000000,1,0,0.000000,0.000000,NONE
0.200000,110527.200000,10120390.000000,100.000000,112.160800,119.983000,0.000000,0.000000,0.000000,-0.002698,0.000000,1,0,0.000000,0.000000,NONE
0.202778,110527.200000,10120390.000000,100.000000,112.125600,119.982700,0.000000,0.000000,0.000000,-0.002698,0.000000,1,0,0.000000,0.000000,NONE
0.205556,110527.200000,10120390.000000,100.000000,112.090300,119.982500,0.000000,0.000000,0.000000,-0.002698,0.000000,1,0,0.000000,0.000000,NONE
0.208334,110527.200000,10120390.000000,100.000000,112.055000,119.982300,0.000000,0.000000,0.000000,-0.002698,0.000000,1,0,0.000000,0.000000,NONE
0.211111,110527.200000,10120390.000000,100.000000,112.019800,119.982000,0.000000,0.000000,0.000000,-0.002698,0.000000,1,0,0.000000,0.000000,NONE
0.213889,110527.200000,10120390.000000,100.000000,111.984500,119.981800,0.000000,0.000000,0.000000,-0.002698,0.000000,1,0,0.000000,0.000000,NONE
0.216667,110527.200000,10120390.000000,100.000000,111.949200,119.981600,0.000000,0.000000,0.000000,-0.002698,0.000000,1,0,0.000000,0.000000,NONE
0.219445,110527.200000,10120390.000000,100.000000,111.914000,119.981300,0.000000,0.000000,0.000000,-0.002698,0.000000,1,0,0.000000,0.000000,NONE
0.222223,110527.200000,10120390.000000,100.000000,111.878700,119.981100,0.000000,0.000000,0.000000,-0.002698,0.000000,1,0,0.000000,0.000000,NONE
0.225000,110527.200000,10120390.000000,100.000000,111.843500,119.980800,0.000000,0.000000,0.000000,-0.002698,0.000000,1,0,0.000000,0.000000,NONE
0.227778,110527.200000,10120390.000000,100.000000,111.808200,119.980600,0.000000,0.000000,0.000000,-0.002698,0.000000,1,0,0.000000,0.000000,NONE
0.230556,110527.200000,10120390.000000,100.000000,111.772900,119.980400,0.000000,0.000000,0.000000,-0.002698,0.000000,1,0,0.000000,0.000000,NONE
0.233334,110527.200000,10120390.000000,100.000000,111.737700,119.980100,0.000000,0.000000,0.000000,-0.002698,0.000000,1,0,0.000000,0.000000,NONE
0.236111,110527.200000,10120390.000000,100.000000,111.702400,119.979900,0.000000,0.000000,0.000000,-0.002698,0.000000,1,0,0.000000,0.000000,NONE
0.238889,110527.200000,10120390.000000,100.000000,111.667100,119.979700,0.000000,0.000000,0.000000,-0.002698,0.000000,1,0,0.000000,0.000000,NONE
0.241667,110527.200000,10120390.000000,100.000000,111.631900,119.979400,0.000000,0.000000,0.000000,-0.002698,0.000000,1,0,0.000000,0.000000,NONE
0.244445,110527.200000,10120390.000000,100.000000,111.596600,119.979200,0.000000,0.000000,0.000000,-0.002698,0.000000,1,0,0.000000,0.000000,NONE
0.247223,110527.200000,10120390.000000,100.000000,111.561400,119.979000,0.000000,0.000000,0.000000,-0.002698,0.000000,1,0,0.000000,0.000000,NONE
0.250000,110527.200000,10120390.000000,100.000000,111.526100,119.978700,0.000000,0.000000,0.000000,-0.002698,0.000000,1,0,0.000000,0.000000,NONE
0.252778,110527.200000,10120390.000000,100.000000,111.490800,119.978500,0.000000,0.000000,0.000000,-0.002698,0.000000,1,0,0.000000,0.000000,NONE
0.255556,110527.200000,10120390.000000,100.000000,111.455600,119.978200,0.000000,0.000000,0.000000,-0.002698,0.000000,1,0,0.000000,0.000000,NONE
0.258334,110527.200000,10120390.000000,100.000000,111.420300,119.978000,0.000000,0.000000,0.000000,-0.002698,0.000000,1,0,0.000000,0.000000,NONE
0.261112,110527.200000,10120390.000000,100.000000,111.385100,119.977800,0.000000,0.000000,0.000000,-0.002698,0.000000,1,0,0.000000,0.000000,NONE
0.263889,110527.200000,10120390.000000,100.000000,111.349800,119.977500,0.000000,0.000000,0.000000,-0.002698,0.000000,1,0,0.000000,0.000000,NONE
0.266667,110527.200000,10120390.000000,100.000000,111.314600,119.977300,0.000000,0.000000,0.000000,-0.002698,0.000000,1,0,0.000000,0.000000,NONE
0.269445,110527.200000,10120390.000000,100.000000,111.279300,119.977100,0.000000,0.000000,0.000000,-0.002698,0.000000,1,0,0.000000,0.000000,NONE
0.272223,110527.200000,10120390.000000,100.000000,111.244000,119.976800,0.000000,0.000000,0.000000,-0.002698,0.000000,1,0,0.000000,0.000000,NONE
0.275000,110527.200000,10120390.000000,100.000000,111.208800,119.976600,0.000000,0.000000,0.000000,-0.002698,0.000000,1,0,0.000000,0.000000,NONE
0.277778,110527.200000,10120390.000000,100.000000,111.173500,119.976300,0.000000,0.000000,0.000000,-0.002698,0.000000,1,0,0.000000,0.000000,NONE
0.280556,110527.200000,10120390.000000,100.000000,111.138300,119.976100,0.000000,0.000000,0.000000,-0.002698,0.000000,1,0,0.000000,0.000000,NONE
0.283334,110527.200000,10120390.000000,100.000000,111.103200,119.975900,0.000000,0.000000,0.000000,-0.002698,0.000000,1,0,0.000000,0.000000,NONE
0.286112,110527.200000,10120390.000000,100.000000,111.068200,119.975600,0.000000,0.000000,0.000000,-0.002698,0.000000,1,0,0.000000,0.000000,NONE
0.288889,110527.200000,10120390.000000,100.000000,111.033100,119.975400,0.000000,0.000000,0.000000,-0.002698,0.000000,1,0,0.000000,0.000000,NONE
0.291667,110527.200000,10120390.000000,100.000000,110.998100,119.975200,0.000000,0.000000,0.000000,-0.002698,0.000000,1,0,0.000000,0.000000,NONE
0.294445,110527.200000,10120390.000000,100.000000,110.963100,119.974900,0.000000,0.000000,0.000000,-0.002698,0.000000,1,0,0.000000,0.000000,NONE
0.297223,110527.200000,10120390.000000,100.000000,110.928000,119.974700,0.000000,0.000000,0.000000,-0.002698,0.000000,1,0,0.000000,0.000000,NONE
0.300001,110527.200000,10120390.000000,100.000000,110.893000,119.974500,0.000000,0.000000,0.000000,-0.002698,0.000000,1,0,0.000000,0.000000,NONE
0.302778,110527.200000,10120390.000000,100.000000,110.858000,119.974200,0.000000,0.000000,0.000000,-0.002698,0.000000,1,0,0.000000,0.000000,NONE
0.305556,110527.200000,10120390.000000,100.000000,110.822900,119.974000,0.000000,0.000000,0.000000,-0.002698,0.000000,1,0,0.000000,0.000000,NONE
0.308334,110527.200000,10120390.000000,100.000000,110.787900,119.973700,0.000000,0.000000,0.000000,-0.002698,0.000000,1,0,0.000000,0.000000,NONE
0.311112,110527.200000,10120390.000000,100.000000,110.752900,119.973500,0.000000,0.000000,0.000000,-0.002698,0.000000,1,0,0.000000,0.000000,NONE
0.313889,110527.200000,10120390.000000,100.000000,110.717800,119.973300,0.000000,0.000000,0.000000,-0.002698,0.000000,1,0,0.000000,0.000000,NONE
0.316667,110527.200000,10120390.000000,100.000000,110.682800,119.973000,0.000000,0.000000,0.000000,-0.002698,0.000000,1,0,0.000000,0.000000,NONE
0.319445,110527.200000,10120390.000000,100.000000,110.647800,119.972800,0.000000,0.000000,0.000000,-0.002698,0.000000,1,0,0.000000,0.000000,NONE
0.322223,110527.200000,10120390.000000,100.000000,110.612700,119.972600,0.000000,0.000000,0.000000,-0.002698,0.000000,1,0,0.000000,0.000000,NONE
0.325001,110527.200000,10120390.000000,100.000000,110.577700,119.972300,0.000000,0.000000,0.000000,-0.002698,0.000000,1,0,0.000000,0.000000,NONE
0.327778,110527.200000,10120390.000000,100.000000,110.542600,119.972100,0.000000,0.000000,0.000000,-0.002698,0.000000,1,0,0.000000,0.000000,NONE
0.330556,110527.200000,10120390.000000,100.000000,110.507600,119.971900,0.000000,0.000000,0.000000,-0.002698,0.000000,1,0,0.000000,0.000000,NONE
0.333334,110527.200000,10120390.000000,100.000000,110.472600,119.971600,0.000000,0.000000,0.000000,-0.002698,0.000000,1,0,0.000000,0.000000,NONE
0.336112,110527.200000,10120390.000000,100.000000,110.437500,119.971400,0.000000,0.000000,0.000000,-0.002698,0.000000,1,0,0.000000,0.000000,NONE
0.338889,110527.200000,10120390.000000,100.000000,110.402500,119.971100,0.000000,0.000000,0.000000,-0.002698,0.000000,1,0,0.000000,0.000000,NONE
0.341667,110527.200000,10120390.000000,100.000000,110.367500,119.970900,0.000000,0.000000,0.000000,-0.002698,0.000000,1,0,0.000000,0.000000,NONE
0.344445,110527.200000,10120390.000000,100.000000,110.332400,119.970700,0.000000,0.000000,0.000000,-0.002698,0.000000,1,0,0.000000,0.000000,NONE
0.347223,110527.200000,10120390.000000,100.000000,110.297400,119.970400,0.000000,0.000000,0.000000,-0.002698,0.000000,1,0,0.000000,0.000000,NONE
0.350001,110527.200000,10120390.000000,100.000000,110.262400,119.970200,0.000000,0.000000,0.000000,-0.002698,0.000000,1,0,0.000000,0.000000,NONE
0.352778,110527.200000,10120390.000000,100.000000,110.227300,119.970000,0.000000,0.000000,0.000000,-0.002698,0.000000,1,0,0.000000,0.000000,NONE
0.355556,110527.200000,10120390.000000,100.000000,110.192300,119.969700,0.000000,0.000000,0.000000,-0.002698,0.000000,1,0,0.000000,0.000000,NONE
0.358334,110527.200000,10120390.000000,100.000000,110.157300,119.969500,0.000000,0.000000,0.000000,-0.002698,0.000000,1,0,0.000000,0.000000,NONE
0.361112,110527.200000,10120390.000000,100.000000,110.122200,119.969300,0.000000,0.000000,0.000000,-0.002698,0.000000,1,0,0.000000,0.000000,NONE
0.363890,110527.200000,10120390.000000,100.000000,110.087200,119.969000,0.000000,0.000000,0.000000,-0.002698,0.000000,1,0,0.000000,0.000000,NONE
0.366667,110527.200000,10120390.000000,100.000000,110.052200,119.968800,0.000000,0.000000,0.000000,-0.002698,0.000000,1,0,0.000000,0.000000,NONE
0.369445,110527.200000,10120390.000000,100.000000,110.017100,119.968500,0.000000,0.000000,0.000000,-0.002698,0.000000,1,0,0.000000,0.000000,NONE
0.372223,110527.200000,10120390.000000,100.000000,109.982100,119.968300,0.000000,0.000000,0.000000,-0.002698,0.000000,1,0,0.000000,0.000000,NONE
0.375001,110527.200000,10120390.000000,100.000000,109.947100,119.968100,0.000000,0.000000,0.000000,-0.002698,0.000000,1,0,0.000000,0.000000,NONE
0.377778,110527.200000,10120390.000000,100.000000,109.912000,119.967800,0.000000,0.000000,0.000000,-0.002697,0.000000,1,0,0.000000,0.000000,NONE
0.380556,110527.200000,10120390.000000,100.000000,109.877000,119.967600,0.000000,0.000000,0.000000,-0.002697,0.000000,1,0,0.000000,0.000000,NONE
0.383334,110527.200000,10120390.000000,100.000000,109.842000,119.967400,0.000000,0.000000,0.000000,-0.002697,0.000000,1,0,0.000000,0.000000,NONE
0.386112,110527.200000,10120390.000000,100.000000,109.806900,119.967100,0.000000,0.000000,0.000000,-0.002697,0.000000,1,0,0.000000,0.000000,NONE
0.388890,110527.200000,10120390.000000,100.000000,109.771900,119.966900,0.000000,0.000000,0.000000,-0.002697,0.000000,1,0,0.000000,0.000000,NONE
0.391667,110527.200000,10120390.000000,100.000000,109.736900,119.966700,0.000000,0.000000,0.000000,-0.002697,0.000000,1,0,0.000000,0.000000,NONE
0.394445,110527.200000,10120390.000000,100.000000,109.701800,119.966400,0.000000,0.000000,0.000000,-0.002697,0.000000,1,0,0.000000,0.000000,NONE
0.397223,110527.200000,10120390.000000,100.000000,109.666800,119.966200,0.000000,0.000000,0.000000,-0.002697,0.000000,1,0,0.000000,0.000000,NONE
0.400001,110527.200000,10120390.000000,100.000000,109.631800,119.965900,0.000000,0.000000,0.000000,-0.002697,0.000000,1,0,0.000000,0.000000,NONE
0.402779,110527.200000,10120390.000000,100.000000,109.596700,119.965700,0.000000,0.000000,0.000000,-0.002697,0.000000,1,0,0.000000,0.000000,NONE
0.405556,110527.200000,10120390.000000,100.000000,109.561700,119.965500,0.000000,0.000000,0.000000,-0.002697,0.000000,1,0,0.000000,0.000000,NONE
0.408334,110527.200000,10120390.000000,100.000000,109.526700,119.965200,0.000000,0.000000,0.000000,-0.002697,0.000000,1,0,0.000000,0.000000,NONE
0.411112,110527.200000,10120390.000000,100.000000,109.491600,119.965000,0.000000,0.000000,0.000000,-0.002697,0.000000,1,0,0.000000,0.000000,NONE
0.413890,110527.200000,10120390.000000,100.000000,109.456600,119.964800,0.000000,0.000000,0.000000,-0.002697,0.000000,1,0,0.000000,0.000000,NONE
0.416667,110527.200000,10120390.000000,100.000000,109.421600,119.964500,0.000000,0.000000,0.000000,-0.002697,0.000000,1,0,0.000000,0.000000,NONE
0.419445,110527.200000,10120390.000000,100.000000,109.386500,119.964300,0.000000,0.000000,0.000000,-0.002697,0.000000,1,0,0.000000,0.000000,NONE
0.422223,110527.200000,10120390.000000,100.000000,109.351500,119.964100,0.000000,0.000000,0.000000,-0.002697,0.000000,1,0,0.000000,0.000000,NONE
0.425001,110527.200000,10120390.000000,100.000000,109.316500,119.963800,0.000000,0.000000,0.000000,-0.002697,0.000000,1,0,0.000000,0.000000,NONE
0.427779,110527.200000,10120390.000000,100.000000,109.281400,119.963600,0.000000,0.000000,0.000000,-0.002697,0.000000,1,0,0.000000,0.000000,NONE
0.430556,110527.200000,10120390.000000,100.000000,109.246400,119.963300,0.000000,0.000000,0.000000,-0.002697,0.000000,1,0,0.000000,0.000000,NONE
0.433334,110527.200000,10120390.000000,100.000000,109.211300,119.963100,0.000000,0.000000,0.000000,-0.002697,0.000000,1,0,0.000000,0.000000,NONE
0.436112,110527.200000,10120390.000000,100.000000,109.176300,119.962900,0.000000,0.000000,0.000000,-0.002697,0.000000,1,0,0.000000,0.000000,NONE
0.438890,110527.200000,10120390.000000,100.000000,109.141300,119.962600,0.000000,0.000000,0.000000,-0.002697,0.000000,1,0,0.000000,0.000000,NONE
0.441668,110527.200000,10120390.000000,100.000000,109.106200,119.962400,0.000000,0.000000,0.000000,-0.002697,0.000000,1,0,0.000000,0.000000,NONE
0.444445,110527.200000,10120390.000000,100.000000,109.071200,119.962200,0.000000,0.000000,0.000000,-0.002697,0.000000,1,0,0.000000,0.000000,NONE
0.447223,110527.200000,10120390.000000,100.000000,109.036200,119.961900,0.000000,0.000000,0.000000,-0.002697,0.000000,1,0,0.000000,0.000000,NONE
0.450001,110527.200000,10120390.000000,100.000000,109.001100,119.961700,0.000000,0.000000,0.000000,-0.002697,0.000000,1,0,0.000000,0.000000,NONE
0.452779,110527.200000,10120390.000000,100.000000,108.966100,119.961400,0.000000,0.000000,0.000000,-0.002697,0.000000,1,0,0.000000,0.000000,NONE
0.455556,110527.200000,10120390.000000,100.000000,108.931100,119.961200,0.000000,0.000000,0.000000,-0.002697,0.000000,1,0,0.000000,0.000000,NONE
0.458334,110527.200000,10120390.000000,100.000000,108.896000,119.961000,0.000000,0.000000,0.000000,-0.002697,0.000000,1,0,0.000000,0.000000,NONE
0.461112,110527.200000,10120390.000000,100.000000,108.861000,119.960700,0.000000,0.000000,0.000000,-0.002697,0.000000,1,0,0.000000,0.000000,NONE
0.463890,110527.200000,10120390.000000,100.000000,108.826000,119.960500,0.000000,0.000000,0.000000,-0.002697,0.000000,1,0,0.000000,0.000000,NONE
0.466668,110527.200000,10120390.000000,100.000000,108.790900,119.960300,0.000000,0.000000,0.000000,-0.002697,0.000000,1,0,0.000000,0.000000,NONE
0.469445,110527.200000,10120390.000000,100.000000,108.755900,119.960000,0.000000,0.000000,0.000000,-0.002697,0.000000,1,0,0.000000,0.000000,NONE
0.472223,110527.200000,10120390.000000,100.000000,108.720900,119.959800,0.000000,0.000000,0.000000,-0.002697,0.000000,1,0,0.000000,0.000000,NONE
0.475001,110527.200000,10120390.000000,100.000000,108.685900,119.959600,0.000000,0.000000,0.000000,-0.002697,0.000000,1,0,0.000000,0.000000,NONE
0.477779,110527.200000,10120390.000000,100.000000,108.650800,119.959300,0.000000,0.000000,0.000000,-0.002697,0.000000,1,0,0.000000,0.000000,NONE
0.480557,110527.200000,10120390.000000,100.000000,108.615800,119.959100,0.000000,0.000000,0.000000,-0.002697,0.000000,1,0,0.000000,0.000000,NONE
0.483334,110527.200000,10120390.000000,100.000000,108.580800,119.958800,0.000000,0.000000,0.000000,-0.002697,0.000000,1,0,0.000000,0.000000,NONE
0.486112,110527.200000,10120390.000000,100.000000,108.545700,119.958600,0.000000,0.000000,0.000000,-0.002697,0.000000,1,0,0.000000,0.000000,NONE
0.488890,110527.200000,10120390.000000,100.000000,108.510700,119.958400,0.000000,0.000000,0.000000,-0.002697,0.000000,1,0,0.000000,0.000000,NONE
0.491668,110527.200000,10120390.000000,100.000000,108.475700,119.958100,0.000000,0.000000,0.000000,-0.002697,0.000000,1,0,0.000000,0.000000,NONE
0.494445,110527.200000,10120390.000000,100.000000,108.440700,119.957900,0.000000,0.000000,0.000000,-0.002697,0.000000,1,0,0.000000,0.000000,NONE
0.497223,110527.200000,10120390.000000,100.000000,108.405600,119.957700,0.000000,0.000000,0.000000,-0.002697,0.000000,1,0,0.000000,0.000000,NONE
0.500001,110527.200000,10120390.000000,100.000000,108.370600,119.957400,0.000000,0.000000,0.000000,-0.002697,0.000000,1,0,0.000000,0.000000,NONE
0.502779,110527.200000,10120390.000000,100.000000,108.335600,119.957200,0.000000,0.000000,0.000000,-0.002697,0.000000,1,0,0.000000,0.000000,NONE
0.505557,110527.200000,10120390.000000,100.000000,108.300600,119.957000,0.000000,0.000000,0.000000,-0.002697,0.000000,1,0,0.000000,0.000000,NONE
0.508334,110527.200000,10120390.000000,100.000000,108.265500,119.956700,0.000000,0.000000,0.000000,-0.002697,0.000000,1,0,0.000000,0.000000,NONE
0.511112,110527.200000,10120390.000000,100.000000,108.230500,119.956500,0.000000,0.000000,0.000000,-0.002697,0.000000,1,0,0.000000,0.000000,NONE
0.513890,110527.200000,10120390.000000,100.000000,108.195500,119.956200,0.000000,0.000000,0.000000,-0.002697,0.000000,1,0,0.000000,0.000000,NONE
0.516668,110527.200000,10120390.000000,100.000000,108.160500,119.956000,0.000000,0.000000,0.000000,-0.002697,0.000000,1,0,0.000000,0.000000,NONE
0.519445,110527.200000,10120390.000000,100.000000,108.125400,119.955800,0.000000,0.000000,0.000000,-0.002697,0.000000,1,0,0.000000,0.000000,NONE
0.522223,110527.200000,10120390.000000,100.000000,108.090400,119.955500,0.000000,0.000000,0.000000,-0.002697,0.000000,1,0,0.000000,0.000000,NONE
0.525001,110527.200000,10120390.000000,100.000000,108.055400,119.955300,0.000000,0.000000,0.000000,-0.002697,0.000000,1,0,0.000000,0.000000,NONE
0.527779,110527.200000,10120390.000000,100.000000,108.020300,119.955100,0.000000,0.000000,0.000000,-0.002697,0.000000,1,0,0.000000,0.000000,NONE
0.530556,110527.200000,10120390.000000,100.000000,107.985300,119.954800,0.000000,0.000000,0.000000,-0.002697,0.000000,1,0,0.000000,0.000000,NONE
0.533334,110527.200000,10120390.000000,100.000000,107.950300,119.954600,0.000000,0.000000,0.000000,-0.002697,0.000000,1,0,0.000000,0.000000,NONE
0.536112,110527.200000,10120390.000000,100.000000,107.915300,119.954400,0.000000,0.000000,0.000000,-0.002697,0.000000,1,0,0.000000,0.000000,NONE
0.538890,110527.200000,10120390.000000,100.000000,107.880200,119.954100,0.000000,0.000000,0.000000,-0.002697,0.000000,1,0,0.000000,0.000000,NONE
0.541667,110527.200000,10120390.000000,100.000000,107.845200,119.953900,0.000000,0.000000,0.000000,-0.002697,0.000000,1,0,0.000000,0.000000,NONE
0.544445,110527.200000,10120390.000000,100.000000,107.810200,119.953600,0.000000,0.000000,0.000000,-0.002697,0.000000,1,0,0.000000,0.000000,NONE
0.547223,110527.200000,10120390.000000,100.000000,107.775200,119.953400,0.000000,0.000000,0.000000,-0.002697,0.000000,1,0,0.000000,0.000000,NONE
0.550001,110527.200000,10120390.000000,100.000000,107.740100,119.953200,0.000000,0.000000,0.000000,-0.002697,0.000000,1,0,0.000000,0.000000,NONE
0.552778,110527.200000,10120390.000000,100.000000,107.705100,119.952900,0.000000,0.000000,0.000000,-0.002697,0.000000,1,0,0.000000,0.000000,NONE
0.555556,110527.200000,10120390.000000,100.000000,107.670100,119.952700,0.000000,0.000000,0.000000,-0.002697,0.000000,1,0,0.000000,0.000000,NONE
0.558334,110527.200000,10120390.000000,100.000000,107.635100,119.952500,0.000000,0.000000,0.000000,-0.002697,0.000000,1,0,0.000000,0.000000,NONE
0.561112,110527.200000,10120390.000000,100.000000,107.600000,119.952200,0.000000,0.000000,0.000000,-0.002697,0.000000,1,0,0.000000,0.000000,NONE
0.563889,110527.200000,10120390.000000,100.000000,107.565000,119.952000,0.000000,0.000000,0.000000,-0.002697,0.000000,1,0,0.000000,0.000000,NONE
0.566667,110527.200000,10120390.000000,100.000000,107.530000,119.951800,0.000000,0.000000,0.000000,-0.002697,0.000000,1,0,0.000000,0.000000,NONE
0.569445,110527.200000,10120390.000000,100.000000,107.494900,119.951500,0.000000,0.000000,0.000000,-0.002697,0.000000,1,0,0.000000,0.000000,NONE
0.572223,110527.200000,10120390.000000,100.000000,107.459900,119.951300,0.000000,0.000000,0.000000,-0.002697,0.000000,1,0,0.000000,0.000000,NONE
0.575000,110527.200000,10120390.000000,100.000000,107.424900,119.951000,0.000000,0.000000,0.000000,-0.002697,0.000000,1,0,0.000000,0.000000,NONE
0.577778,110527.200000,10120390.000000,100.000000,107.389900,119.950800,0.000000,0.000000,0.000000,-0.002697,0.000000,1,0,0.000000,0.000000,NONE
0.580556,110527.200000,10120390.000000,100.000000,107.354800,119.950600,0.000000,0.000000,0.000000,-0.002697,0.000000,1,0,0.000000,0.000000,NONE
0.583334,110527.200000,10120390.000000,100.000000,107.319800,119.950300,0.000000,0.000000,0.000000,-0.002697,0.000000,1,0,0.000000,0.000000,NONE
0.586111,110527.200000,10120390.000000,100.000000,107.284800,119.950100,0.000000,0.000000,0.000000,-0.002697,0.000000,1,0,0.000000,0.000000,NONE
0.588889,110527.200000,10120390.000000,100.000000,107.249800,119.949900,0.000000,0.000000,0.000000,-0.002697,0.000000,1,0,0.000000,0.000000,NONE
0.591667,110527.200000,10120390.000000,100.000000,107.214700,119.949600,0.000000,0.000000,0.000000,-0.002697,0.000000,1,0,0.000000,0.000000,NONE
0.594445,110527.200000,10120390.000000,100.000000,107.179700,119.949400,0.000000,0.000000,0.000000,-0.002697,0.000000,1,0,0.000000,0.000000,NONE
0.597222,110527.200000,10120390.000000,100.000000,107.144700,119.949200,0.000000,0.000000,0.000000,-0.002697,0.000000,1,0,0.000000,0.000000,NONE
0.600000,110527.200000,10120390.000000,100.000000,107.109700,119.948900,0.000000,0.000000,0.000000,-0.002697,0.000000,1,0,0.000000,0.000000,NONE
0.602778,110527.200000,10120390.000000,100.000000,107.074600,119.948700,0.000000,0.000000,0.000000,-0.002697,0.000000,1,0,0.000000,0.000000,NONE
0.605556,110527.200000,10120390.000000,100.000000,107.039600,119.948400,0.000000,0.000000,0.000000,-0.002697,0.000000,1,0,0.000000,0.000000,NONE
0.608333,110527.200000,10120390.000000,100.000000,107.004600,119.948200,0.000000,0.000000,0.000000,-0.002697,0.000000,1,0,0.000000,0.000000,NONE
0.611111,110527.200000,10120390.000000,100.000000,106.969600,119.948000,0.000000,0.000000,0.000000,-0.002697,0.000000,1,0,0.000000,0.000000,NONE
0.613889,110527.200000,10120390.000000,100.000000,106.934500,119.947700,0.000000,0.000000,0.000000,-0.002697,0.000000,1,0,0.000000,0.000000,NONE
0.616667,110527.200000,10120390.000000,100.000000,106.899500,119.947500,0.000000,0.000000,0.000000,-0.002697,0.000000,1,0,0.000000,0.000000,NONE
0.619444,110527.200000,10120390.000000,100.000000,106.864500,119.947300,0.000000,0.000000,0.000000,-0.002697,0.000000,1,0,0.000000,0.000000,NONE
0.622222,110527.200000,10120390.000000,100.000000,106.829400,119.947000,0.000000,0.000000,0.000000,-0.002697,0.000000,1,0,0.000000,0.000000,NONE
0.625000,110527.200000,10120390.000000,100.000000,106.794400,119.946800,0.000000,0.000000,0.000000,-0.002697,0.000000,1,0,0.000000,0.000000,NONE
0.627778,110527.200000,10120390.000000,100.000000,106.759400,119.946500,0.000000,0.000000,0.000000,-0.002697,0.000000,1,0,0.000000,0.000000,NONE
0.630556,110527.200000,10120390.000000,100.000000,106.724400,119.946300,0.000000,0.000000,0.000000,-0.002697,0.000000,1,0,0.000000,0.000000,NONE
0.633333,110527.200000,10120390.000000,100.000000,106.689300,119.946100,0.000000,0.000000,0.000000,-0.002697,0.000000,1,0,0.000000,0.000000,NONE
0.636111,110527.200000,10120390.000000,100.000000,106.654300,119.945800,0.000000,0.000000,0.000000,-0.002697,0.000000,1,0,0.000000,0.000000,NONE
0.638889,110527.200000,10120390.000000,100.000000,106.619300,119.945600,0.000000,0.000000,0.000000,-0.002697,0.000000,1,0,0.000000,0.000000,NONE
0.641667,110527.200000,10120390.000000,100.000000,106.584300,119.945400,0.000000,0.000000,0.000000,-0.002697,0.000000,1,0,0.000000,0.000000,NONE
0.644444,110527.200000,10120390.000000,100.000000,106.549200,119.945100,0.000000,0.000000,0.000000,-0.002697,0.000000,1,0,0.000000,0.000000,NONE
0.647222,110527.200000,10120390.000000,100.000000,106.514200,119.944900,0.000000,0.000000,0.000000,-0.002697,0.000000,1,0,0.000000,0.000000,NONE
0.650000,110527.200000,10120390.000000,100.000000,106.479200,119.944700,0.000000,0.000000,0.000000,-0.002697,0.000000,1,0,0.000000,0.000000,NONE
0.652778,110527.200000,10120390.000000,100.000000,106.444200,119.944400,0.000000,0.000000,0.000000,-0.002697,0.000000,1,0,0.000000,0.000000,NONE
0.655555,110527.200000,10120390.000000,100.000000,106.409200,119.944200,0.000000,0.000000,0.000000,-0.002697,0.000000,1,0,0.000000,0.000000,NONE
0.658333,110527.200000,10120390.000000,100.000000,106.374100,119.943900,0.000000,0.000000,0.000000,-0.002697,0.000000,1,0,0.000000,0.000000,NONE
0.661111,110527.200000,10120390.000000,100.000000,106.339100,119.943700,0.000000,0.000000,0.000000,-0.002697,0.000000,1,0,0.000000,0.000000,NONE
0.663889,110527.200000,10120390.000000,100.000000,106.304100,119.943500,0.000000,0.000000,0.000000,-0.002697,0.000000,1,0,0.000000,0.000000,NONE
0.666666,110527.200000,10120390.000000,100.000000,106.269100,119.943200,0.000000,0.000000,0.000000,-0.002697,0.000000,1,0,0.000000,0.000000,NONE
0.669444,110527.200000,10120390.000000,100.000000,106.234100,119.943000,0.000000,0.000000,0.000000,-0.002697,0.000000,1,0,0.000000,0.000000,NONE
0.672222,110527.200000,10120390.000000,100.000000,106.199100,119.942800,0.000000,0.000000,0.000000,-0.002697,0.000000,1,0,0.000000,0.000000,NONE
0.675000,110527.200000,10120390.000000,100.000000,106.164000,119.942500,0.000000,0.000000,0.000000,-0.002697,0.000000,1,0,0.000000,0.000000,NONE
0.677777,110527.200000,10120390.000000,100.000000,106.129000,119.942300,0.000000,0.000000,0.000000,-0.002697,0.000000,1,0,0.000000,0.000000,NONE
0.680555,110527.200000,10120390.000000,100.000000,106.094000,119.942100,0.000000,0.000000,0.000000,-0.002697,0.000000,1,0,0.000000,0.000000,NONE
0.683333,110527.200000,10120390.000000,100.000000,106.059000,119.941800,0.000000,0.000000,0.000000,-0.002697,0.000000,1,0,0.000000,0.000000,NONE
0.686111,110527.200000,10120390.000000,100.000000,106.024000,119.941600,0.000000,0.000000,0.000000,-0.002697,0.000000,1,0,0.000000,0.000000,NONE
0.688888,110527.200000,10120390.000000,100.000000,105.988900,119.941300,0.000000,0.000000,0.000000,-0.002697,0.000000,1,0,0.000000,0.000000,NONE
0.691666,110527.200000,10120390.000000,100.000000,105.953900,119.941100,0.000000,0.000000,0.000000,-0.002697,0.000000,1,0,0.000000,0.000000,NONE
0.694444,110527.200000,10120390.000000,100.000000,105.918900,119.940900,0.000000,0.000000,0.000000,-0.002697,0.000000,1,0,0.000000,0.000000,NONE
0.697222,110527.200000,10120390.000000,100.000000,105.883900,119.940600,0.000000,0.000000,0.000000,-0.002697,0.000000,1,0,0.000000,0.000000,NONE
0.699999,110527.200000,10120390.000000,100.000000,105.848900,119.940400,0.000000,0.000000,0.000000,-0.002697,0.000000,1,0,0.000000,0.000000,NONE
0.702777,110527.200000,10120390.000000,100.000000,105.813800,119.940200,0.000000,0.000000,0.000000,-0.002697,0.000000,1,0,0.000000,0.000000,NONE
0.705555,110527.200000,10120390.000000,100.000000,105.778800,119.939900,0.000000,0.000000,0.000000,-0.002697,0.000000,1,0,0.000000,0.000000,NONE
0.708333,110527.200000,10120390.000000,100.000000,105.743800,119.939700,0.000000,0.000000,0.000000,-0.002697,0.000000,1,0,0.000000,0.000000,NONE
0.711110,110527.200000,10120390.000000,100.000000,105.708800,119.939500,0.000000,0.000000,0.000000,-0.002697,0.000000,1,0,0.000000,0.000000,NONE
0.713888,110527.200000,10120390.000000,100.000000,105.673800,119.939200,0.000000,0.000000,0.000000,-0.002697,0.000000,1,0,0.000000,0.000000,NONE
0.716666,110527.200000,10120390.000000,100.000000,105.638700,119.939000,0.000000,0.000000,0.000000,-0.002697,0.000000,1,0,0.000000,0.000000,NONE
0.719444,110527.200000,10120390.000000,100.000000,105.603700,119.938700,0.000000,0.000000,0.000000,-0.002697,0.000000,1,0,0.000000,0.000000,NONE
0.722221,110527.200000,10120390.000000,100.000000,105.568700,119.938500,0.000000,0.000000,0.000000,-0.002697,0.000000,1,0,0.000000,0.000000,NONE
0.724999,110527.200000,10120390.000000,100.000000,105.533700,119.938300,0.000000,0.000000,0.000000,-0.002697,0.000000,1,0,0.000000,0.000000,NONE
0.727777,110527.200000,10120390.000000,100.000000,105.498700,119.938000,0.000000,0.000000,0.000000,-0.002697,0.000000,1,0,0.000000,0.000000,NONE
0.730555,110527.200000,10120390.000000,100.000000,105.463700,119.937800,0.000000,0.000000,0.000000,-0.002697,0.000000,1,0,0.000000,0.000000,NONE
0.733332,110527.200000,10120390.000000,100.000000,105.428600,119.937600,0.000000,0.000000,0.000000,-0.002697,0.000000,1,0,0.000000,0.000000,NONE
0.736110,110527.200000,10120390.000000,100.000000,105.393600,119.937300,0.000000,0.000000,0.000000,-0.002697,0.000000,1,0,0.000000,0.000000,NONE
0.738888,110527.200000,10120390.000000,100.000000,105.358600,119.937100,0.000000,0.000000,0.000000,-0.002697,0.000000,1,0,0.000000,0.000000,NONE
0.741666,110527.200000,10120390.000000,100.000000,105.323600,119.936900,0.000000,0.000000,0.000000,-0.002697,0.000000,1,0,0.000000,0.000000,NONE
0.744443,110527.200000,10120390.000000,100.000000,105.288600,119.936600,0.000000,0.000000,0.000000,-0.002697,0.000000,1,0,0.000000,0.000000,NONE
0.747221,110527.200000,10120390.000000,100.000000,105.253500,119.936400,0.000000,0.000000,0.000000,-0.002697,0.000000,1,0,0.000000,0.000000,NONE
0.749999,110527.200000,10120390.000000,100.000000,105.218500,119.936100,0.000000,0.000000,0.000000,-0.002697,0.000000,1,0,0.000000,0.000000,NONE
0.752777,110527.200000,10120390.000000,100.000000,105.183500,119.935900,0.000000,0.000000,0.000000,-0.002697,0.000000,1,0,0.000000,0.000000,NONE
0.755554,110527.200000,10120390.000000,100.000000,105.148500,119.935700,0.000000,0.000000,0.000000,-0.002697,0.000000,1,0,0.000000,0.000000,NONE
0.758332,110527.200000,10120390.000000,100.000000,105.113500,119.935400,0.000000,0.000000,0.000000,-0.002697,0.000000,1,0,0.000000,0.000000,NONE
0.761110,110527.200000,10120390.000000,100.000000,105.078400,119.935200,0.000000,0.000000,0.000000,-0.002697,0.000000,1,0,0.000000,0.000000,NONE
0.763888,110527.200000,10120390.000000,100.000000,105.043400,119.935000,0.000000,0.000000,0.000000,-0.002697,0.000000,1,0,0.000000,0.000000,NONE
0.766666,110527.200000,10120390.000000,100.000000,105.008400,119.934700,0.000000,0.000000,0.000000,-0.002697,0.000000,1,0,0.000000,0.000000,NONE
0.769443,110527.200000,10120390.000000,100.000000,104.973400,119.934500,0.000000,0.000000,0.000000,-0.002697,0.000000,1,0,0.000000,0.000000,NONE
0.772221,110527.200000,10120390.000000,100.000000,104.938400,119.934200,0.000000,0.000000,0.000000,-0.002697,0.000000,1,0,0.000000,0.000000,NONE
0.774999,110527.200000,10120390.000000,100.000000,104.903400,119.934000,0.000000,0.000000,0.000000,-0.002697,0.000000,1,0,0.000000,0.000000,NONE
0.777777,110527.200000,10120390.000000,100.000000,104.868300,119.933800,0.000000,0.000000,0.000000,-0.002697,0.000000,1,0,0.000000,0.000000,NONE
0.780554,110527.200000,10120390.000000,100.000000,104.833300,119.933500,0.000000,0.000000,0.000000,-0.002697,0.000000,1,0,0.000000,0.000000,NONE
0.783332,110527.200000,10120390.000000,100.000000,104.798300,119.933300,0.000000,0.000000,0.000000,-0.002697,0.000000,1,0,0.000000,0.000000,NONE
0.786110,110527.200000,10120390.000000,100.000000,104.763300,119.933100,0.000000,0.000000,0.000000,-0.002697,0.000000,1,0,0.000000,0.000000,NONE
0.788888,110527.200000,10120390.000000,100.000000,104.728300,119.932800,0.000000,0.000000,0.000000,-0.002697,0.000000,1,0,0.000000,0.000000,NONE
0.791665,110527.200000,10120390.000000,100.000000,104.693200,119.932600,0.000000,0.000000,0.000000,-0.002697,0.000000,1,0,0.000000,0.000000,NONE
0.794443,110527.200000,10120390.000000,100.000000,104.658200,119.932400,0.000000,0.000000,0.000000,-0.002697,0.000000,1,0,0.000000,0.000000,NONE
0.797221,110527.200000,10120390.000000,100.000000,104.623200,119.932100,0.000000,0.000000,0.000000,-0.002697,0.000000,1,0,0.000000,0.000000,NONE
0.799999,110527.200000,10120390.000000,100.000000,104.588200,119.931900,0.000000,0.000000,0.000000,-0.002697,0.000000,1,0,0.000000,0.000000,NONE
0.802776,110527.200000,10120390.000000,100.000000,104.553200,119.931600,0.000000,0.000000,0.000000,-0.002697,0.000000,1,0,0.000000,0.000000,NONE
0.805554,110527.200000,10120390.000000,100.000000,104.518100,119.931400,0.000000,0.000000,0.000000,-0.002697,0.000000,1,0,0.000000,0.000000,NONE
0.808332,110527.200000,10120390.000000,100.000000,104.483100,119.931200,0.000000,0.000000,0.000000,-0.002697,0.000000,1,0,0.000000,0.000000,NONE
0.811110,110527.200000,10120390.000000,100.000000,104.448100,119.930900,0.000000,0.000000,0.000000,-0.002697,0.000000,1,0,0.000000,0.000000,NONE
0.813887,110527.200000,10120390.000000,100.000000,104.413100,119.930700,0.000000,0.000000,0.000000,-0.002697,0.000000,1,0,0.000000,0.000000,NONE
0.816665,110527.200000,10120390.000000,100.000000,104.378100,119.930500,0.000000,0.000000,0.000000,-0.002697,0.000000,1,0,0.000000,0.000000,NONE
0.819443,110527.200000,10120390.000000,100.000000,104.343100,119.930200,0.000000,0.000000,0.000000,-0.002697,0.000000,1,0,0.000000,0.000000,NONE
0.822221,110527.200000,10120390.000000,100.000000,104.308100,119.930000,0.000000,0.000000,0.000000,-0.002697,0.000000,1,0,0.000000,0.000000,NONE
0.824998,110527.200000,10120390.000000,100.000000,104.273000,119.929800,0.000000,0.000000,0.000000,-0.002697,0.000000,1,0,0.000000,0.000000,NONE
0.827776,110527.200000,10120390.000000,100.000000,104.238000,119.929500,0.000000,0.000000,0.000000,-0.002697,0.000000,1,0,0.000000,0.000000,NONE
0.830554,110527.200000,10120390.000000,100.000000,104.203000,119.929300,0.000000,0.000000,0.000000,-0.002697,0.000000,1,0,0.000000,0.000000,NONE
0.833332,110527.200000,10120390.000000,100.000000,104.168000,119.929000,0.000000,0.000000,0.000000,-0.002697,0.000000,1,0,0.000000,0.000000,NONE
0.836109,110527.200000,10120390.000000,100.000000,104.133000,119.928800,0.000000,0.000000,0.000000,-0.002697,0.000000,1,0,0.000000,0.000000,NONE
0.838887,110527.200000,10120390.000000,100.000000,104.098000,119.928600,0.000000,0.000000,0.000000,-0.002697,0.000000,1,0,0.000000,0.000000,NONE
0.841665,110527.200000,10120390.000000,100.000000,104.063000,119.928300,0.000000,0.000000,0.000000,-0.002697,0.000000,1,0,0.000000,0.000000,NONE
0.844443,110527.200000,10120390.000000,100.000000,104.028000,119.928100,0.000000,0.000000,0.000000,-0.002697,0.000000,1,0,0.000000,0.000000,NONE
0.847220,110527.200000,10120390.000000,100.000000,103.993000,119.927900,0.000000,0.000000,0.000000,-0.002697,0.000000,1,0,0.000000,0.000000,NONE
0.849998,110527.200000,10120390.000000,100.000000,103.957900,119.927600,0.000000,0.000000,0.000000,-0.002697,0.000000,1,0,0.000000,0.000000,NONE
0.852776,110527.200000,10120390.000000,100.000000,103.922900,119.927400,0.000000,0.000000,0.000000,-0.002697,0.000000,1,0,0.000000,0.000000,NONE
0.855554,110527.200000,10120390.000000,100.000000,103.887900,119.927200,0.000000,0.000000,0.000000,-0.002697,0.000000,1,0,0.000000,0.000000,NONE
0.858331,110527.200000,10120390.000000,100.000000,103.852900,119.926900,0.000000,0.000000,0.000000,-0.002697,0.000000,1,0,0.000000,0.000000,NONE
0.861109,110527.200000,10120390.000000,100.000000,103.817900,119.926700,0.000000,0.000000,0.000000,-0.002697,0.000000,1,0,0.000000,0.000000,NONE
0.863887,110527.200000,10120390.000000,100.000000,103.782900,119.926400,0.000000,0.000000,0.000000,-0.002697,0.000000,1,0,0.000000,0.000000,NONE
0.866665,110527.200000,10120390.000000,100.000000,103.747900,119.926200,0.000000,0.000000,0.000000,-0.002697,0.000000,1,0,0.000000,0.000000,NONE
0.869442,110527.200000,10120390.000000,100.000000,103.712900,119.926000,0.000000,0.000000,0.000000,-0.002697,0.000000,1,0,0.000000,0.000000,NONE
0.872220,110527.200000,10120390.000000,100.000000,103.677900,119.925700,0.000000,0.000000,0.000000,-0.002697,0.000000,1,0,0.000000,0.000000,NONE
0.874998,110527.200000,10120390.000000,100.000000,103.642800,119.925500,0.000000,0.000000,0.000000,-0.002697,0.000000,1,0,0.000000,0.000000,NONE
0.877776,110527.200000,10120390.000000,100.000000,103.607800,119.925300,0.000000,0.000000,0.000000,-0.002697,0.000000,1,0,0.000000,0.000000,NONE
0.880553,110527.200000,10120390.000000,100.000000,103.572800,119.925000,0.000000,0.000000,0.000000,-0.002697,0.000000,1,0,0.000000,0.000000,NONE
0.883331,110527.200000,10120390.000000,100.000000,103.537800,119.924800,0.000000,0.000000,0.000000,-0.002697,0.000000,1,0,0.000000,0.000000,NONE
0.886109,110527.200000,10120390.000000,100.000000,103.502800,119.924600,0.000000,0.000000,0.000000,-0.002697,0.000000,1,0,0.000000,0.000000,NONE
0.888887,110527.200000,10120390.000000,100.000000,103.467800,119.924300,0.000000,0.000000,0.000000,-0.002697,0.000000,1,0,0.000000,0.000000,NONE
0.891664,110527.200000,10120390.000000,100.000000,103.433000,119.924100,0.000000,0.000000,0.000000,-0.002697,0.000000,1,0,0.000000,0.000000,NONE
0.894442,110527.200000,10120390.000000,100.000000,103.398200,119.923800,0.000000,0.000000,0.000000,-0.002697,0.000000,1,0,0.000000,0.000000,NONE
0.897220,110527.200000,10120390.000000,100.000000,103.363400,119.923600,0.000000,0.000000,0.000000,-0.002697,0.000000,1,0,0.000000,0.000000,NONE
0.899998,110527.200000,10120390.000000,100.000000,103.328600,119.923400,0.000000,0.000000,0.000000,-0.002697,0.000000,1,0,0.000000,0.000000,NONE
0.902776,110527.200000,10120390.000000,100.000000,103.293800,119.923100,0.000000,0.000000,0.000000,-0.002697,0.000000,1,0,0.000000,0.000000,NONE
0.905553,110527.200000,10120390.000000,100.000000,103.259000,119.922900,0.000000,0.000000,0.000000,-0.002697,0.000000,1,0,0.000000,0.000000,NONE
0.908331,110527.200000,10120390.000000,100.000000,103.224300,119.922700,0.000000,0.000000,0.000000,-0.002697,0.000000,1,0,0.000000,0.000000,NONE
0.911109,110527.200000,10120390.000000,100.000000,103.189500,119.922400,0.000000,0.000000,0.000000,-0.002697,0.000000,1,0,0.000000,0.000000,NONE
0.913887,110527.200000,10120390.000000,100.000000,103.154700,119.922200,0.000000,0.000000,0.000000,-0.002697,0.000000,1,0,0.000000,0.000000,NONE
0.916664,110527.200000,10120390.000000,100.000000,103.119900,119.922000,0.000000,0.000000,0.000000,-0.002697,0.000000,1,0,0.000000,0.000000,NONE
0.919442,110527.200000,10120390.000000,100.000000,103.085100,119.921700,0.000000,0.000000,0.000000,-0.002697,0.000000,1,0,0.000000,0.000000,NONE
0.922220,110527.200000,10120390.000000,100.000000,103.050300,119.921500,0.000000,0.000000,0.000000,-0.002697,0.000000,1,0,0.000000,0.000000,NONE
0.924998,110527.200000,10120390.000000,100.000000,103.015500,119.921200,0.000000,0.000000,0.000000,-0.002697,0.000000,1,0,0.000000,0.000000,NONE
0.927775,110527.200000,10120390.000000,100.000000,102.980700,119.921000,0.000000,0.000000,0.000000,-0.002697,0.000000,1,0,0.000000,0.000000,NONE
0.930553,110527.200000,10120390.000000,100.000000,102.945900,119.920800,0.000000,0.000000,0.000000,-0.002697,0.000000,1,0,0.000000,0.000000,NONE
0.933331,110527.200000,10120390.000000,100.000000,102.911100,119.920500,0.000000,0.000000,0.000000,-0.002697,0.000000,1,0,0.000000,0.000000,NONE
0.936109,110527.200000,10120390.000000,100.000000,102.876400,119.920300,0.000000,0.000000,0.000000,-0.002697,0.000000,1,0,0.000000,0.000000,NONE
0.938886,110527.200000,10120390.000000,100.000000,102.841600,119.920100,0.000000,0.000000,0.000000,-0.002697,0.000000,1,0,0.000000,0.000000,NONE
0.941664,110527.200000,10120390.000000,100.000000,102.806800,119.919800,0.000000,0.000000,0.000000,-0.002697,0.000000,1,0,0.000000,0.000000,NONE
0.944442,110527.200000,10120390.000000,100.000000,102.772000,119.919600,0.000000,0.000000,0.000000,-0.002697,0.000000,1,0,0.000000,0.000000,NONE
0.947220,110527.200000,10120390.000000,100.000000,102.737200,119.919300,0.000000,0.000000,0.000000,-0.002697,0.000000,1,0,0.000000,0.000000,NONE
0.949997,110527.200000,10120390.000000,100.000000,102.702400,119.919100,0.000000,0.000000,0.000000,-0.002697,0.000000,1,0,0.000000,0.000000,NONE
0.952775,110527.200000,10120390.000000,100.000000,102.667600,119.918900,0.000000,0.000000,0.000000,-0.002697,0.000000,1,0,0.000000,0.000000,NONE
0.955553,110527.200000,10120390.000000,100.000000,102.632800,119.918600,0.000000,0.000000,0.000000,-0.002697,0.000000,1,0,0.000000,0.000000,NONE
0.958331,110527.200000,10120390.000000,100.000000,102.598000,119.918400,0.000000,0.000000,0.000000,-0.002697,0.000000,1,0,0.000000,0.000000,NONE
0.961108,110527.200000,10120390.000000,100.000000,102.563200,119.918200,0.000000,0.000000,0.000000,-0.002697,0.000000,1,0,0.000000,0.000000,NONE
0.963886,110527.200000,10120390.000000,100.000000,102.528500,119.917900,0.000000,0.000000,0.000000,-0.002697,0.000000,1,0,0.000000,0.000000,NONE
0.966664,110527.200000,10120390.000000,100.000000,102.493700,119.917700,0.000000,0.000000,0.000000,-0.002697,0.000000,1,0,0.000000,0.000000,NONE
0.969442,110527.200000,10120390.000000,100.000000,102.458900,119.917500,0.000000,0.000000,0.000000,-0.002697,0.000000,1,0,0.000000,0.000000,NONE
0.972219,110527.200000,10120390.000000,100.000000,102.424100,119.917200,0.000000,0.000000,0.000000,-0.002697,0.000000,1,0,0.000000,0.000000,NONE
0.974997,110527.200000,10120390.000000,100.000000,102.389300,119.917000,0.000000,0.000000,0.000000,-0.002697,0.000000,1,0,0.000000,0.000000,NONE
0.977775,110527.200000,10120390.000000,100.000000,102.354500,119.916700,0.000000,0.000000,0.000000,-0.002697,0.000000,1,0,0.000000,0.000000,NONE
0.980553,110527.200000,10120390.000000,100.000000,102.319700,119.916500,0.000000,0.000000,0.000000,-0.002697,0.000000,1,0,0.000000,0.000000,NONE
0.983330,110527.200000,10120390.000000,100.000000,102.284900,119.916300,0.000000,0.000000,0.000000,-0.002697,0.000000,1,0,0.000000,0.000000,NONE
0.986108,110527.200000,10120390.000000,100.000000,102.250100,119.916000,0.000000,0.000000,0.000000,-0.002697,0.000000,1,0,0.000000,0.000000,NONE
0.988886,110527.200000,10120390.000000,100.000000,102.215300,119.915800,0.000000,0.000000,0.000000,-0.002697,0.000000,1,0,0.000000,0.000000,NONE
0.991664,110527.200000,10120390.000000,100.000000,102.180600,119.915600,0.000000,0.000000,0.000000,-0.002697,0.000000,1,0,0.000000,0.000000,NONE
0.994441,110527.200000,10120390.000000,100.000000,102.145800,119.915300,0.000000,0.000000,0.000000,-0.002697,0.000000,1,0,0.000000,0.000000,NONE
0.997219,110527.200000,10120390.000000,100.000000,102.111000,119.915100,0.000000,0.000000,0.000000,-0.002697,0.000000,1,0,0.000000,0.000000,NONE
0.999997,110527.200000,10120390.000000,100.000000,102.076200,119.914900,0.000000,0.000000,0.000000,-0.002697,0.000000,1,0,0.000000,0.000000,NONE
1.002775,110527.200000,10120390.000000,100.000000,102.041400,119.914600,0.000000,0.000000,0.000000,-0.002697,0.000000,1,0,0.000000,0.000000,NONE
